x1,x2,y1,y2
11.07629189829556,12.43001734701856,-67.28602677259818,-66.83875121763987
12.43001734701856,15.078634130707233,-66.83875121763987,-66.69082750917359
11.07629189829556,7.146418160119267,-67.28602677259818,-65.0011456040242
2.28553161107837,3.0390739755795737,-67.19765840979018,-66.27373313847806
3.0390739755795737,4.866394035418358,-66.27373313847806,-64.82382657340294
7.146418160119267,4.866394035418358,-65.0011456040242,-64.82382657340294
49.490852376551324,50.40917825252347,-50.69608779399417,-48.06667325344783
50.40917825252347,51.38766664669021,-48.06667325344783,-47.20504838190273
-37.96359320973005,-42.08003391644769,-20.348359100421675,-21.98049707540609
-19.795542328282817,-20.03729586642256,1.6480773575244794,4.133600690866544
-12.90563233761353,-11.983480962461886,-59.861401018766514,-60.51276558222548
2.28553161107837,-1.283738942464868,-67.19765840979018,-68.28799542972386
15.078634130707233,15.62306029727698,-66.69082750917359,-66.43083793237948
-38.96956042761807,-37.269261216073396,-45.586660828541824,-44.442165724085086
-37.269261216073396,-36.57121877400416,-44.442165724085086,-43.4270409151782
-43.01708979594337,-44.35200733144436,-34.1739658488577,-34.14021252765417
-46.83802239539982,-45.16040540306684,-28.382527140934602,-32.10913068269133
-44.35200733144436,-45.16040540306684,-34.14021252765417,-32.10913068269133
-21.9132907837001,-23.286213283190705,27.739212990538707,29.635220638762707
-23.286213283190705,-25.16573023881704,29.635220638762707,31.749504426812393
49.490852376551324,47.85829115309235,-50.69608779399417,-51.5384003354165
46.474809559976386,46.89577413160841,-52.73761574777402,-52.33136778913798
47.85829115309235,46.89577413160841,-51.5384003354165,-52.33136778913798
4.587473796341884,1.8212674505416961,-33.01497188197227,-31.724085133118944
4.136006500989305,3.533115758402263,-27.044275398782492,-27.43130231078253
4.136006500989305,4.863518749166813,-27.044275398782492,-26.82804335329467
1.8212674505416961,3.533115758402263,-31.724085133118944,-27.43130231078253
7.024421006446692,6.528178365227742,-32.085454062378425,-28.704093714116567
4.863518749166813,6.528178365227742,-26.82804335329467,-28.704093714116567
8.268650578066977,7.024421006446692,-32.61061209985323,-32.085454062378425
39.10565187643128,39.16792001450755,4.836166619723816,5.716576489694712
-32.28545587963832,-37.21848219509146,-6.332549286627069,-8.667489553383692
-37.21848219509146,-38.76826529349264,-8.667489553383692,-9.488783038630487
9.587840260079016,9.81348936688081,-2.4352137137147936,-2.151509110592526
9.587840260079016,6.986939674070606,-2.4352137137147936,-3.3718910044460197
6.03857156366884,6.986939674070606,-3.061016586031518,-3.3718910044460197
-34.036691861856305,-36.37052035262187,-73.8463824390596,-72.49912577551522
-3.8100947060821233,-6.279012809800915,-65.5706565276905,-64.25928657074195
-3.8100947060821233,-1.283738942464868,-65.5706565276905,-68.28799542972386
16.439516023926057,16.4571226908697,-64.02610988626921,-64.48314311968042
16.4571226908697,15.705740964821803,-64.48314311968042,-66.21234855008242
-37.96359320973005,-35.870126166994375,-20.348359100421675,-22.159369258889853
-29.120933242775063,-30.104258216646915,-16.554485922925625,-21.478557577222432
-31.785712048147598,-33.46254611017891,-28.5325995067388,-27.199285822773874
-33.46254611017891,-35.13253027050965,-27.199285822773874,-25.480096834554175
-35.870126166994375,-35.73017979835178,-22.159369258889853,-23.177583066790376
-42.08003391644769,-43.38556339792274,-21.98049707540609,-24.280949796209217
-43.65293255474087,-43.38556339792274,-24.698603369139345,-24.280949796209217
-46.83802239539982,-43.65293255474087,-28.382527140934602,-24.698603369139345
-45.55682888073642,-46.519698129782185,30.12193791562484,30.43304944834948
-37.67081740647054,-37.82022789069707,19.182554781871936,18.909027770852287
-37.82022789069707,-39.547800885852034,18.909027770852287,9.928832251963875
-20.45311627944093,-20.78485994634323,-57.64812059180562,-61.07344507069272
-20.78485994634323,-20.740223036958845,-61.07344507069272,-61.215273691705626
-15.111447885308026,-13.84133055136666,-55.84435314901431,-58.904738066631346
-12.90563233761353,-12.909838064758931,-59.861401018766514,-59.85499098170592
-13.84133055136666,-12.909838064758931,-58.904738066631346,-59.85499098170592
57.72577306685821,57.02928478086393,31.842555172897175,31.694028431985547
51.08101817350823,52.17751379797277,34.822156261095365,34.090599986141434
57.02928478086393,55.03263747150228,31.694028431985547,32.31418591202307
52.17751379797277,55.03263747150228,34.090599986141434,32.31418591202307
-60.028878803388736,-60.96418996583533,-20.105229845132897,-15.752563045548708
-60.96418996583533,-62.49860642823761,-15.752563045548708,-11.384310721484239
-55.91233682948142,-49.198849069300216,-22.605306607124962,-16.93179447570743
-49.39064046041936,-49.2066285453603,-15.702815187516329,-16.804173133965598
-49.198849069300216,-49.2066285453603,-16.93179447570743,-16.804173133965598
5.635400010723156,4.587473796341884,-38.258417760948355,-33.01497188197227
5.635400010723156,6.572901639302379,-38.258417760948355,-39.06358213798872
6.572901639302379,7.0748953933783305,-39.06358213798872,-39.13387832567619
8.268650578066977,10.214873923624612,-32.61061209985323,-35.819089224513995
55.207562714767064,55.83862784447613,-18.02766145429164,-18.30891626039644
48.430583813928834,53.23011729323787,-11.122880007513368,-9.271619710860524
53.23011729323787,57.023911061525105,-9.271619710860524,-9.599069059910567
4.863518749166813,6.055864047175094,-26.82804335329467,-25.261996295485684
9.81348936688081,12.964555177179891,-2.151509110592526,-0.4755842421810821
12.964555177179891,14.857136986917448,-0.4755842421810821,-1.535270889587539
4.4023353850699545,3.4515160749569835,-3.2613806230550746,-3.216593891566606
-1.7052186949654278,-4.629207649559929,-2.6166478994730755,-4.077658733166703
-1.7052186949654278,-0.9420877043484219,-2.6166478994730755,-2.8477581624084793
-4.646634105702058,-4.629207649559929,-4.107540207936426,-4.077658733166703
-0.9420877043484219,-0.4212960811086951,-2.8477581624084793,-3.066488786302987
-0.4212960811086951,1.1526571199984301,-3.066488786302987,-3.052027997812786
2.823288894894085,3.4515160749569835,-3.261847003847576,-3.216593891566606
2.823288894894085,1.399859308195347,-3.261847003847576,-3.0159461694207437
1.1526571199984301,1.399859308195347,-3.052027997812786,-3.0159461694207437
4.4023353850699545,4.557279680926522,-3.2613806230550746,-3.3220434541734973
6.03857156366884,4.844411214749938,-3.061016586031518,-3.370975695792502
4.844411214749938,4.557279680926522,-3.370975695792502,-3.3220434541734973
6.055864047175094,7.06282855457556,-25.261996295485684,-23.303192523865707
16.439516023926057,16.58376654341296,-64.02610988626921,-61.30195500910175
16.58376654341296,17.84666989225,-61.30195500910175,-58.203103325671044
17.899066224566837,17.84666989225,-58.129881670551875,-58.203103325671044
17.899066224566837,19.330029323047363,-58.129881670551875,-58.116355744057685
19.330029323047363,23.57748511076108,-58.116355744057685,-58.43309851570834
57.023911061525105,57.17259974329545,-9.599069059910567,-9.59199897999861
57.17259974329545,57.52085586693601,-9.59199897999861,-9.698957688184144
29.374554549229988,25.597614401065034,-5.443452068190852,-1.1426257627108005
-1.018200344148579,-3.4397912819644985,19.00010072347643,19.326103690966058
-1.018200344148579,1.4183940183983756,19.00010072347643,19.18574539661353
1.4183940183983756,2.2057126805540563,19.18574539661353,19.5963867103723
3.356438563502587,2.7449948391031365,20.97976254917479,19.708442380209775
2.2057126805540563,2.7449948391031365,19.5963867103723,19.708442380209775
-20.03729586642256,-19.754815638024787,4.133600690866544,5.292543897719888
-19.754815638024787,-19.468543762917708,5.292543897719888,6.9007101416949
-7.928582792908718,-6.786255289610793,76.65062975201366,78.46381360479725
-7.928582792908718,-11.677963735726191,76.65062975201366,71.61707335311281
-38.96956042761807,-39.62657601309662,-45.586660828541824,-47.85919831041135
-39.62657601309662,-41.534751527277244,-47.85919831041135,-49.70912754990433
-41.534751527277244,-43.07823792928812,-49.70912754990433,-50.84275833794327
-43.07823792928812,-43.91856594466147,-50.84275833794327,-51.325061894977246
-34.036691861856305,-32.7717074441179,-73.8463824390596,-74.78767914001783
-20.139814705364962,-19.94108574874725,-74.25065727353461,-72.31752992456943
-19.535520132370706,-19.94108574874725,-70.83913992744195,-72.31752992456943
15.705740964821803,15.62306029727698,-66.21234855008242,-66.43083793237948
-6.004034782211232,-7.157985782148247,-28.225875128609506,-29.36207825570859
-35.121024596356385,-31.77358184751455,-35.37316329909103,-33.39861732062574
-29.348867462280644,-31.77358184751455,-34.08328769015202,-33.39861732062574
-38.357921850175835,-35.121024596356385,-33.59579277018021,-35.37316329909103
-29.251534789088836,-25.96345873980537,-40.0709489481849,-38.69710722485622
-25.96345873980537,-25.75410766745446,-38.69710722485622,-35.041202269886675
-25.75410766745446,-27.210379610752636,-35.041202269886675,-33.810605013919115
-27.210379610752636,-29.348867462280644,-33.810605013919115,-34.08328769015202
-35.73017979835178,-35.365889444797666,-23.177583066790376,-25.03552429210238
-31.785712048147598,-27.72664119909734,-28.5325995067388,-27.486668979098827
-21.9132907837001,-18.18607274607507,27.739212990538707,31.12564463199833
-20.740223036958845,-20.162231043845576,-61.215273691705626,-63.70316303769019
-20.162231043845576,-20.065651751582767,-63.70316303769019,-63.897518433431195
-19.904230634009647,-20.065651751582767,-64.08394936928424,-63.897518433431195
-20.45311627944093,-22.192979842747143,-57.64812059180562,-56.889859475681334
-22.800922740561816,-22.192979842747143,-56.52498025011541,-56.889859475681334
-22.800922740561816,-23.711125455708522,-56.52498025011541,-54.37531357109067
-21.505793709879963,-21.93395175721519,-49.93188616831573,-49.930926377785404
-21.93395175721519,-23.54951708850224,-49.930926377785404,-53.123839441869
-23.711125455708522,-23.54951708850224,-54.37531357109067,-53.123839441869
-5.744321412550109,-6.004034782211232,-27.206071453862243,-28.225875128609506
63.41475321272988,63.43733801708072,18.73380584758467,18.820121752456178
63.29647475571171,62.73270593797818,27.245288025178397,22.93357657627897
63.43733801708072,62.73270593797818,18.820121752456178,22.93357657627897
64.50177219691476,63.93213732903895,-9.943804015844059,-8.676233639699266
63.93213732903895,63.52085736449659,-8.676233639699266,-8.576753592479726
61.96558890484538,63.52085736449659,-9.01019505492,-8.576753592479726
61.96558890484538,58.50154451792807,-9.01019505492,-9.634537907862269
55.83862784447613,57.289410857103995,-18.30891626039644,-19.612691451574435
51.38766664669021,52.138453285949886,-47.20504838190273,-44.54477745018205
52.138453285949886,50.83349558948573,-44.54477745018205,-42.61372046800492
-62.49860642823761,-62.44008241294146,-11.384310721484239,-11.262419102310734
-62.20085175606463,-62.44008241294146,-10.605999511077522,-11.262419102310734
-19.146950044842185,-17.065636496709295,72.0806924124431,72.14599515071947
-13.965042873105649,-17.065636496709295,72.39509774060383,72.14599515071947
8.131409188472746,7.938361619197025,-40.62327367546164,-40.428567499515935
10.463507155292119,8.131409188472746,-42.652331554202725,-40.62327367546164
17.239700345318365,17.223538944732162,-45.043106629449376,-45.090208061057474
16.458979974201586,17.223538944732162,-47.87295533372519,-45.090208061057474
11.668933031773744,11.761868977758077,-19.539058117697863,-19.81736019838924
11.761868977758077,13.399001917760481,-19.81736019838924,-20.01396665623744
48.430583813928834,47.41806559036357,-11.122880007513368,-11.456831241962096
55.207562714767064,48.5855428265078,-18.02766145429164,-16.1402345748621
47.41806559036357,48.507931333738654,-11.456831241962096,-15.885121995025171
48.5855428265078,48.507931333738654,-16.1402345748621,-15.885121995025171
11.370876283927181,11.668933031773744,-19.21668239925922,-19.539058117697863
11.370876283927181,9.24170297435788,-19.21668239925922,-16.20942382106358
8.062111806625792,9.24170297435788,-15.590427622915367,-16.20942382106358
4.992834629383182,7.720697297915072,-13.931212115047131,-15.076009226200993
7.720697297915072,8.062111806625792,-15.076009226200993,-15.590427622915367
2.910172628682948,3.849877937818184,-12.930329906891277,-13.375575471115546
3.849877937818184,4.139469481285583,-13.375575471115546,-13.43661128076181
4.246185881056217,4.139469481285583,-13.44843019767268,-13.43661128076181
21.98998720014501,21.55872255836981,-20.432980054315085,-21.072557431609944
21.453350783742422,21.55872255836981,-21.24634229880381,-21.072557431609944
21.453350783742422,18.48536251143125,-21.24634229880381,-21.65184138902403
23.57748511076108,24.850660539728338,-58.43309851570834,-56.47069115127905
25.66575238426503,25.506971738632608,-53.51583812172274,-53.90842250920189
24.909555921577844,24.850660539728338,-56.389122822092126,-56.47069115127905
33.466986789161076,31.804785424430467,-52.97776637497259,-51.84227220020461
31.804785424430467,30.244745883327813,-51.84227220020461,-51.78277023897523
25.66575238426503,27.125275541757414,-53.51583812172274,-52.73811317159785
27.125275541757414,29.18396654229011,-52.73811317159785,-51.84995632770909
24.909555921577844,25.506971738632608,-56.389122822092126,-53.90842250920189
29.18396654229011,30.244745883327813,-51.84995632770909,-51.78277023897523
58.50154451792807,57.52085586693601,-9.634537907862269,-9.698957688184144
-24.122572920185426,-20.654917225066693,-7.950103131332036,-9.081698814280873
-24.122572920185426,-26.425383123373873,-7.950103131332036,-9.086335062895733
-26.425383123373873,-25.291117216987132,-9.086335062895733,-14.337193744806363
-20.654917225066693,-20.403412970590043,-9.081698814280873,-9.113761555528152
-17.045413230919653,-19.00159815371418,-6.465071447584307,-8.038675020457337
-19.00159815371418,-20.403412970590043,-8.038675020457337,-9.113761555528152
10.350963029345872,8.115200905086663,25.90767915766598,25.569655966359218
-2.9598919456735757,-0.6410671675678281,27.423536433970288,31.835319629220486
-5.235105047963604,-4.646634105702058,-4.9290638322764755,-4.107540207936426
-14.90024311272921,-14.431474904148503,7.9583410897843,8.08829361380604
-13.902840105346485,-14.431474904148503,8.25550422861005,8.08829361380604
-43.91856594466147,-43.92868602736206,-51.325061894977246,-51.81312916960834
-37.416535852956095,-38.00779270067438,-72.30304691533716,-71.51295682352358
-37.416535852956095,-36.37052035262187,-72.30304691533716,-72.49912577551522
-27.814216722849462,-31.59193466618062,-81.73275020135019,-76.09544372563327
-19.535520132370706,-20.82532323532936,-70.83913992744195,-69.04792469223702
-19.904230634009647,-20.68275256000886,-64.08394936928424,-66.53213782311596
-20.68275256000886,-20.923328803523162,-66.53213782311596,-68.82061871696388
-20.923328803523162,-20.82532323532936,-68.82061871696388,-69.04792469223702
-26.531216124853085,-27.814216722849462,-85.03225371861184,-81.73275020135019
-26.531216124853085,-21.605074016867995,-85.03225371861184,-76.07427806219565
-58.198951349416895,-60.028878803388736,-22.002915491832145,-20.105229845132897
-58.198951349416895,-57.04395382215298,-22.002915491832145,-22.236013092463462
-55.91233682948142,-56.38384528103612,-22.605306607124962,-22.386271936171358
-57.04395382215298,-56.38384528103612,-22.236013092463462,-22.386271936171358
-27.72664119909734,-27.734496077678447,-27.486668979098827,-25.603761618736876
-30.104258216646915,-29.07909602181301,-21.478557577222432,-22.14574279119058
-29.07909602181301,-27.796231980133168,-22.14574279119058,-24.39578331329973
-35.13253027050965,-35.29308086796616,-25.480096834554175,-25.196881587497117
-35.29308086796616,-35.365889444797666,-25.196881587497117,-25.03552429210238
-27.796231980133168,-27.734496077678447,-24.39578331329973,-25.603761618736876
-38.357921850175835,-41.09072990023832,-33.59579277018021,-33.75133098924295
-43.01708979594337,-41.309740328122224,-34.1739658488577,-33.779162655939096
-41.09072990023832,-41.309740328122224,-33.75133098924295,-33.779162655939096
-27.796231980133168,-23.005195776105385,-24.39578331329973,-23.03253265265016
-48.64130840516441,-48.641066167571815,-8.245851150409662,-7.007933319942895
-48.6472790128228,-48.641066167571815,-6.959630673861014,-7.007933319942895
-40.37043430637183,-41.37272309263504,-7.587829416617259,-5.855787598008916
-40.37043430637183,-38.76826529349264,-7.587829416617259,-9.488783038630487
-49.39064046041936,-50.95827909890092,-15.702815187516329,-13.174432982642395
-51.393292703762405,-50.95827909890092,-12.285326828071971,-13.174432982642395
-51.393292703762405,-50.439819002002665,-12.285326828071971,-10.05839137138275
-50.439819002002665,-49.24410527623132,-10.05839137138275,-8.696653008649072
-49.24410527623132,-48.64130840516441,-8.696653008649072,-8.245851150409662
-39.547800885852034,-41.35495310925723,9.928832251963875,9.071858872632626
-35.15342869932977,-40.16564206580871,1.7315956128772414,0.8884839108621598
-41.35495310925723,-42.12987807567164,9.071858872632626,8.178146909425065
-25.16573023881704,-25.157081477821155,31.749504426812393,32.519255058744555
-25.157081477821155,-25.19224746385004,32.519255058744555,32.86482994952103
-18.255133043210808,-18.43967711207447,11.47240758410891,10.011146151422377
-18.255133043210808,-15.553199128889135,11.47240758410891,15.793020560803734
-18.43967711207447,-18.21021272222518,10.011146151422377,7.88396774198913
-18.21021272222518,-14.90024311272921,7.88396774198913,7.9583410897843
-13.902840105346485,-11.991191392422628,8.25550422861005,13.30460688699658
-11.991191392422628,-11.54481939645358,13.30460688699658,15.155834301674917
-11.54481939645358,-11.613038649966358,15.155834301674917,15.260927023864928
-5.9806413781172525,-7.1984063077391856,16.214054881248494,16.095903503056423
-5.9806413781172525,-5.769018942747028,16.214054881248494,16.32501076191493
-5.769018942747028,-4.407239031083453,16.32501076191493,18.00069836072619
-4.407239031083453,-4.115636212864147,18.00069836072619,18.698913015550687
-4.115636212864147,-3.92901613176305,18.698913015550687,19.354452362074063
-3.92901613176305,-4.220384552962773,19.354452362074063,19.766382142566084
-7.729031663189181,-7.633498451462529,21.53656640384105,21.609477798518498
-7.633498451462529,-4.220384552962773,21.609477798518498,19.766382142566084
-44.082407468638,-44.74450796416814,21.865451987669974,23.661216613275002
-63.089034430486095,-65.92931334777423,27.94451231148312,26.326712456126366
-34.16407263784437,-33.84924605736822,52.271600694919094,50.15382396667325
-34.16407263784437,-34.94813761183242,52.271600694919094,55.50078141628789
-33.84924605736822,-33.80206091470018,50.15382396667325,50.09818363338568
-33.58459087208007,-33.80206091470018,49.67543312662324,50.09818363338568
-33.58459087208007,-32.42253797169701,49.67543312662324,44.77152989064385
-32.194997934760956,-32.42253797169701,41.35226321153901,44.77152989064385
-32.194997934760956,-29.63177482134892,41.35226321153901,39.9222086629903
-14.220185673440756,-14.337415481421992,-54.52651552560954,-54.78082213069304
-5.696023380228745,-5.744321412550109,-26.49914951950104,-27.206071453862243
7.0748953933783305,7.852731337644845,-39.13387832567619,-40.32576759907699
7.852731337644845,7.938361619197025,-40.32576759907699,-40.428567499515935
17.899066224566837,16.27092232271557,-58.129881670551875,-55.384097623092686
-21.93395175721519,-22.244744439636417,-49.930926377785404,-49.69709931077887
51.08101817350823,50.47405394507728,34.822156261095365,34.676132117903315
64.50177219691476,65.86140588693924,-9.943804015844059,-12.432070103271908
58.373975590830405,57.69007229093053,-21.297708050196835,-20.09555452104796
58.373975590830405,61.17671136546783,-21.297708050196835,-22.375393501412514
-6.697064471898004,-6.786255289610793,78.61782253962502,78.46381360479725
-11.677963735726191,-11.86113850603296,71.61707335311281,71.65137089976447
-13.965042873105649,-11.86113850603296,72.39509774060383,71.65137089976447
13.805309395311127,13.399001917760481,-20.07576156336814,-20.01396665623744
13.805309395311127,16.548452196210874,-20.07576156336814,-21.519104155759795
17.45721631822375,16.548452196210874,-22.12281548208551,-21.519104155759795
23.819455729155486,21.453350783742422,-25.80327863757485,-21.24634229880381
18.48536251143125,17.45721631822375,-21.65184138902403,-22.12281548208551
16.27092232271557,15.73101141416824,-55.384097623092686,-54.716610492896294
16.458979974201586,15.443377338804577,-47.87295533372519,-50.145359344831164
14.867143435902802,15.73101141416824,-52.04097393540134,-54.716610492896294
14.867143435902802,14.989608877955115,-52.04097393540134,-51.4362359032142
14.989608877955115,15.443377338804577,-51.4362359032142,-50.145359344831164
10.463507155292119,13.994321706578777,-42.652331554202725,-43.92411469912315
53.24631524866887,51.927341143033715,-24.27934596466954,-23.27395072587565
51.927341143033715,48.84672064238739,-23.27395072587565,-20.36956568445325
57.289410857103995,57.69007229093053,-19.612691451574435,-20.09555452104796
48.5855428265078,47.94859561175027,-16.1402345748621,-19.337080894986943
48.84672064238739,47.94859561175027,-20.36956568445325,-19.337080894986943
10.214873923624612,11.86248432195882,-35.819089224513995,-35.51748095893154
4.992834629383182,4.246185881056217,-13.931212115047131,-13.44843019767268
6.439507578655797,7.06282855457556,-22.930573968288574,-23.303192523865707
6.439507578655797,4.013883269249587,-22.930573968288574,-21.777807852533012
1.635573256697284,3.480324469451536,-21.22799604691564,-21.599735872397556
4.013883269249587,3.480324469451536,-21.777807852533012,-21.599735872397556
26.206843339446397,23.819455729155486,-26.60832526900968,-25.80327863757485
26.206843339446397,26.626907385296903,-26.60832526900968,-26.636359729346278
23.933295057079146,29.261600512983502,-18.76291611007666,-18.150174972954723
23.933295057079146,21.98998720014501,-18.76291611007666,-20.432980054315085
29.783356730624043,29.261600512983502,-18.445691938424964,-18.150174972954723
29.783356730624043,30.011220176390083,-18.445691938424964,-19.94437837508159
30.011220176390083,28.556792990798183,-19.94437837508159,-23.21860059762306
-29.120933242775063,-28.26571923723935,-16.554485922925625,-16.335913005996172
-25.291117216987132,-25.234863876964333,-14.337193744806363,-15.20093646258052
-28.26571923723935,-25.234863876964333,-16.335913005996172,-15.20093646258052
-35.15342869932977,-32.94579425160768,1.7315956128772414,-0.9799893801039321
-32.94579425160768,-31.893653222523398,-0.9799893801039321,-2.0432457585340362
-32.28545587963832,-31.901026820715163,-6.332549286627069,-2.1145061221327737
-31.893653222523398,-31.901026820715163,-2.0432457585340362,-2.1145061221327737
-41.031751787427744,-40.928147580262326,-3.513862090017879,-1.4872792498153418
-41.37272309263504,-41.031751787427744,-5.855787598008916,-3.513862090017879
-40.96602737714607,-40.928147580262326,0.15682771835559883,-1.4872792498153418
-40.96602737714607,-40.16564206580871,0.15682771835559883,0.8884839108621598
-16.131203463725964,-14.084295259923309,-0.6592554456718497,-2.159667437515617
-18.21021272222518,-19.468543762917708,7.88396774198913,6.9007101416949
-19.795542328282817,-16.131203463725964,1.6480773575244794,-0.6592554456718497
-13.553330755284435,-14.084295259923309,-3.031986631820854,-2.159667437515617
7.139098321887796,7.178957074875928,23.91186972965804,23.972558300381507
3.356438563502587,6.642009705702001,20.97976254917479,23.327316068128226
6.642009705702001,7.139098321887796,23.327316068128226,23.91186972965804
8.115200905086663,7.178957074875928,25.569655966359218,23.972558300381507
10.350963029345872,12.891426855424644,25.90767915766598,25.442058433714738
12.891426855424644,14.83313496543767,25.442058433714738,26.741114276833148
25.805789371888384,21.767288583368074,24.33975322730853,22.333405001022115
2.7449948391031365,4.868049337643088,19.708442380209775,16.961475581026704
29.005345532827185,28.206285755229548,10.000631486296385,11.232018945976334
28.206285755229548,26.4040834364448,11.232018945976334,12.474929791858628
12.470361423030212,14.978158073380754,11.564446342355442,10.340570257580186
22.62948659266332,21.23923626694893,13.124771670120348,14.575240884390105
21.23923626694893,19.974887346691347,14.575240884390105,14.513848663161655
19.974887346691347,18.9958520315893,14.513848663161655,13.415879834289012
18.980372422379023,18.9958520315893,12.355567410104392,13.415879834289012
25.948249448576767,24.35280869767784,12.937560328124526,12.712326585269162
24.35280869767784,22.62948659266332,12.712326585269162,13.124771670120348
15.81618773918464,14.978158073380754,11.388388364393915,10.340570257580186
12.470361423030212,11.594697594692247,11.564446342355442,13.128273613197116
11.594697594692247,10.885686810421879,13.128273613197116,13.419298116154504
5.822385370614997,7.861122807524983,15.547851620669677,15.377072842938928
7.861122807524983,10.784026545119518,15.377072842938928,13.551260274502852
10.885686810421879,10.784026545119518,13.419298116154504,13.551260274502852
16.54819882582869,18.01563440417668,12.007165915867349,11.86972773108977
18.14231465963967,18.01563440417668,11.94294197917337,11.86972773108977
18.763432975963003,18.14231465963967,12.077776969416105,11.94294197917337
18.763432975963003,18.980372422379023,12.077776969416105,12.355567410104392
15.81618773918464,16.54819882582869,11.388388364393915,12.007165915867349
16.982687806916807,15.846894539232164,29.107127548829354,28.389074267094287
14.913988892414777,14.83313496543767,26.786119749213597,26.741114276833148
14.913988892414777,15.846894539232164,26.786119749213597,28.389074267094287
-3.4397912819644985,-3.92901613176305,19.326103690966058,19.354452362074063
2.6887894815500473,4.027474944597515,59.25946518301837,57.615290195343256
2.6887894815500473,2.4077471759867053,59.25946518301837,59.734015351958185
10.104353632038489,7.637444015713633,61.18020192168257,59.214606643261625
7.637444015713633,4.027474944597515,59.214606643261625,57.615290195343256
2.4077471759867053,2.384377097598837,59.734015351958185,59.896872249835624
35.60606818360418,37.06121902847848,59.32600282772453,56.810644999817086
-47.20831543894671,-45.86685283350462,-60.60661411295605,-62.113521140983124
-45.86685283350462,-45.056698039577675,-62.113521140983124,-63.26784545998419
-43.29531336078292,-44.24931546796086,-66.55046629054142,-64.59780403971293
-43.29531336078292,-42.94795282104278,-66.55046629054142,-67.97701986477287
-45.056698039577675,-44.24931546796086,-63.26784545998419,-64.59780403971293
-42.94795282104278,-40.27472604141675,-67.97701986477287,-69.20946144678423
-40.27472604141675,-38.00779270067438,-69.20946144678423,-71.51295682352358
-32.7717074441179,-31.59193466618062,-74.78767914001783,-76.09544372563327
-20.139814705364962,-21.605074016867995,-74.25065727353461,-76.07427806219565
0.9623670610087285,1.635573256697284,-20.591110688807117,-21.22799604691564
0.9623670610087285,0.2850039477155506,-20.591110688807117,-20.172200855882185
-2.990025815752945,-2.6924474285464735,-23.212399347166176,-22.676657134382562
0.2850039477155506,-0.10223818086930692,-20.172200855882185,-20.380050498130093
-0.10223818086930692,-2.6924474285464735,-20.380050498130093,-22.676657134382562
-7.538926433945129,-10.017854312451345,-29.394171717920198,-29.13012472027038
-7.538926433945129,-7.157985782148247,-29.394171717920198,-29.36207825570859
-63.87961564264147,-62.20642452311395,-1.8507079753274436,-3.898662224537976
-62.20642452311395,-61.672143903209445,-3.898662224537976,-5.5498024447826415
-61.672143903209445,-61.34266022184256,-5.5498024447826415,-8.914887737272265
-62.06377638879211,-61.34266022184256,-10.039614538217092,-8.914887737272265
-62.20085175606463,-62.06377638879211,-10.605999511077522,-10.039614538217092
-48.654550732509875,-46.668096597427386,-1.4748288033157,2.160914277361548
-49.60296773825506,-48.6472790128228,-5.489334165861461,-6.959630673861014
-49.60296773825506,-50.03460808332722,-5.489334165861461,-3.5309071907063334
-50.03460808332722,-49.46690557075935,-3.5309071907063334,-2.020552915854693
-49.46690557075935,-49.16099761063571,-2.020552915854693,-1.7271358707257878
-48.654550732509875,-49.16099761063571,-1.4748288033157,-1.7271358707257878
-11.54481939645358,-9.510403420619934,15.155834301674917,15.19759527797873
-11.613038649966358,-11.81911189309896,15.260927023864928,17.724794601588602
-11.81911189309896,-10.3941491536564,17.724794601588602,19.07769707881854
-8.54798256258466,-9.510403420619934,15.554418359906517,15.19759527797873
-8.54798256258466,-8.13559250921784,15.554418359906517,15.82420683061057
-15.553199128889135,-16.732381337076262,15.793020560803734,19.690257751388227
-16.732381337076262,-15.62089520433831,19.690257751388227,20.12545907417124
-9.078144760372366,-10.217802562320882,20.821899258243622,19.276165309688007
-10.3941491536564,-10.217802562320882,19.07769707881854,19.276165309688007
-18.18607274607507,-17.043192462494467,31.12564463199833,31.59795074838773
-56.816114429061685,-59.46154060992064,30.645119407482564,28.878251094250167
-63.089034430486095,-62.80069713107328,27.94451231148312,27.91675997689144
-59.46154060992064,-60.95145212969958,28.878251094250167,28.194950905642223
-62.80069713107328,-60.95145212969958,27.91675997689144,28.194950905642223
-22.82978096283416,-21.455639144945007,17.24117705135196,17.437984948686815
-21.455639144945007,-19.45436686029692,17.437984948686815,18.266894657149603
-19.45436686029692,-18.320108499223785,18.266894657149603,19.879967800308332
-24.072025319699403,-23.033695509571423,15.071153149310154,16.782684662747847
-23.033695509571423,-22.82978096283416,16.782684662747847,17.24117705135196
-16.732381337076262,-18.320108499223785,19.690257751388227,19.879967800308332
-56.816114429061685,-54.517670304079225,30.645119407482564,29.67843804766416
-65.92931334777423,-66.36597070145486,26.326712456126366,25.653193193548635
-28.20709965798829,-31.492854607368724,56.546381481673045,57.273354826133314
-28.20709965798829,-27.920103877342918,56.546381481673045,56.54846514264422
-22.818273593068103,-22.728645131810758,60.04139016280688,59.20653140571887
-27.920103877342918,-25.387857211390294,56.54846514264422,57.531785332206034
-25.387857211390294,-24.30108389033192,57.531785332206034,58.07558513818842
-24.30108389033192,-22.728645131810758,58.07558513818842,59.20653140571887
25.805789371888384,26.19999650482389,24.33975322730853,25.30090214580532
26.19999650482389,26.3016891018624,25.30090214580532,25.596395689851622
26.3016891018624,21.340900167655008,25.596395689851622,28.569595865994017
14.913988892414777,21.767288583368074,26.786119749213597,22.333405001022115
16.982687806916807,19.27271387915761,29.107127548829354,29.705010983655495
19.27271387915761,21.340900167655008,29.705010983655495,28.569595865994017
3.2812541535057793,4.030828442147162,52.35343813634472,57.52241868283793
6.235436981049142,4.62455101156727,46.00231831216309,42.696672702989815
0.7175658637136275,0.718871142873639,44.00007741117718,45.68238714281363
0.718871142873639,2.0832191869444925,45.68238714281363,48.4953857474163
4.953462448278804,4.43198673015389,48.143557002690756,49.784617541572125
2.0832191869444925,3.6685989059106014,48.4953857474163,50.90524484696588
4.43198673015389,3.6685989059106014,49.784617541572125,50.90524484696588
6.235436981049142,4.953462448278804,46.00231831216309,48.143557002690756
3.005495336466409,4.62455101156727,42.08615892864824,42.696672702989815
-1.884372623467916,-0.19709055532376552,43.561486202133565,43.64602717205215
-0.19709055532376552,0.7175658637136275,43.64602717205215,44.00007741117718
3.2362366814342725,3.6685989059106014,52.252366081196456,50.90524484696588
3.2812541535057793,3.2362366814342725,52.35343813634472,52.252366081196456
-13.982242295519919,-14.220185673440756,-51.81856953807637,-54.52651552560954
-14.550732713540805,-15.70019525898606,-50.07512860384468,-48.29110934614662
-15.111447885308026,-14.337415481421992,-55.84435314901431,-54.78082213069304
-36.57121877400416,-30.54083068543406,-43.4270409151782,-43.5299555603396
-29.251534789088836,-29.618039284634094,-40.0709489481849,-42.36230798146869
-29.618039284634094,-30.54083068543406,-42.36230798146869,-43.5299555603396
-25.96345873980537,-24.872772226378675,-38.69710722485622,-39.74176790701172
-24.872772226378675,-24.870266096629177,-39.74176790701172,-39.74926853052793
-24.299472690510175,-24.317813685695313,-42.60395960942936,-42.255543101887184
-24.299472690510175,-24.365438072380588,-42.60395960942936,-42.74278564347047
-24.870266096629177,-24.317813685695313,-39.74926853052793,-42.255543101887184
-24.31776554132757,-24.739148600837947,-46.380324068994625,-44.626358623029354
-24.31776554132757,-24.24602353669577,-46.380324068994625,-47.047527324882125
-22.244744439636417,-23.228690714328522,-49.69709931077887,-48.22919125765236
-23.228690714328522,-23.468164204294553,-48.22919125765236,-47.924513126961216
-23.468164204294553,-24.24602353669577,-47.924513126961216,-47.047527324882125
-24.365438072380588,-24.487210263085952,-42.74278564347047,-43.628924889669776
-24.487210263085952,-24.739148600837947,-43.628924889669776,-44.626358623029354
-21.505793709879963,-19.312998552736417,-49.93188616831573,-48.60788595388606
62.45478590868174,62.45466297509877,8.775460323200148,8.76648893737053
62.45478590868174,62.43172862418739,8.775460323200148,8.825244606535637
43.0922028939193,42.22280159195908,48.34368386958944,49.064210276957006
43.90137325284669,43.06817484300429,47.73551744253518,46.360486087538895
41.513030315676254,41.44343667275842,41.83611264435088,42.19842297918243
43.06817484300429,41.42835029408353,46.360486087538895,42.57048092456333
41.44343667275842,41.42835029408353,42.19842297918243,42.57048092456333
43.90137325284669,43.0922028939193,47.73551744253518,48.34368386958944
42.22280159195908,41.19809676188426,49.064210276957006,50.13869320808191
40.620321598888786,41.19809676188426,51.234881695065894,50.13869320808191
37.06121902847848,36.97635694524416,56.810644999817086,56.58583130306375
36.97635694524416,36.96916450201817,56.58583130306375,56.363055398435634
40.620321598888786,40.11405150149806,51.234881695065894,51.41254283501348
38.322372321131695,36.96916450201817,52.835088144882576,56.363055398435634
38.322372321131695,39.22464988413041,52.835088144882576,51.970132160928955
39.22464988413041,40.11405150149806,51.970132160928955,51.41254283501348
65.86140588693924,66.74193298101108,-12.432070103271908,-13.63947435195484
51.03213092123421,51.71577556298873,-1.370722890145794,-0.0055523801855912325
51.71577556298873,57.82708147622713,-0.0055523801855912325,-1.0960477388295788
44.517393101747004,51.03213092123421,-5.065222818300839,-1.370722890145794
39.16792001450755,38.213493130973085,5.716576489694712,6.315621346161896
66.74193298101108,66.66346415329484,-13.63947435195484,-14.637310395266514
11.86248432195882,11.966760718023734,-35.51748095893154,-35.559370658677715
17.239700345318365,16.566756416016556,-45.043106629449376,-44.20598521057672
16.566756416016556,13.994321706578777,-44.20598521057672,-43.92411469912315
0.32033926921635647,0.2850039477155506,-19.66595414667541,-20.172200855882185
29.50792674679299,29.374554549229988,-5.6551665663718325,-5.443452068190852
24.800966001510684,23.585329694195842,-1.1515379490786817,-1.6587037203127162
24.800966001510684,25.159449842338436,-1.1515379490786817,-1.091216967951489
25.159449842338436,25.597614401065034,-1.091216967951489,-1.1426257627108005
53.24631524866887,52.760573051442975,-24.27934596466954,-26.88715583278757
61.17671136546783,61.87215432840363,-22.375393501412514,-22.75228078598761
52.760573051442975,52.65921289947173,-26.88715583278757,-29.289400001735334
53.12460790917953,52.65921289947173,-30.364238730377796,-29.289400001735334
42.336568701395485,41.87944170933097,-53.4240491012027,-53.46580414564695
46.474809559976386,45.3323004260584,-52.73761574777402,-52.701885358235074
45.3323004260584,43.252779919984306,-52.701885358235074,-53.03309965836716
43.252779919984306,42.69170552748287,-53.03309965836716,-53.25221590278837
42.69170552748287,42.336568701395485,-53.25221590278837,-53.4240491012027
49.963580850999335,49.42923963896845,-41.929935715211286,-40.90950168500155
49.963580850999335,50.83349558948573,-41.929935715211286,-42.61372046800492
49.42923963896845,49.42210932037732,-40.90950168500155,-40.276633018839824
28.556792990798183,33.56228166221999,-23.21860059762306,-26.340134915513705
26.626907385296903,28.13687430447157,-26.636359729346278,-28.075251232184733
28.13687430447157,28.61050882908284,-28.075251232184733,-28.374150591545227
28.61050882908284,29.376050580846105,-28.374150591545227,-28.762773753614848
33.56228166221999,29.376050580846105,-26.340134915513705,-28.762773753614848
32.511366443906475,32.3791995651251,3.544937752425221,1.2466570460691928
34.393635385825554,33.02565443589101,-0.9664376986875163,0.43654565034909165
33.02565443589101,32.3791995651251,0.43654565034909165,1.2466570460691928
-22.92473889898879,-23.005195776105385,-22.188602517145373,-23.03253265265016
2.910172628682948,0.7208815285036514,-12.930329906891277,-12.332738737721996
0.32033926921635647,-0.16978703045041588,-19.66595414667541,-18.179511091141507
-0.16978703045041588,-1.1490773420860636,-18.179511091141507,-13.780171988461262
0.7208815285036514,0.33884458623086244,-12.332738737721996,-10.16091546870584
0.33884458623086244,-1.2887410724972974,-10.16091546870584,-8.410308460260877
-13.553330755284435,-13.77543373326398,-3.031986631820854,-3.5256708390617084
-17.045413230919653,-15.510868658493155,-6.465071447584307,-6.35991228543371
-13.77543373326398,-15.510868658493155,-3.5256708390617084,-6.35991228543371
-5.235105047963604,-5.299334596599507,-4.9290638322764755,-6.308867651354509
-5.299334596599507,-7.516946629550244,-6.308867651354509,-8.085728168871857
-8.762022859732138,-7.516946629550244,-7.504840474669422,-8.085728168871857
5.822385370614997,5.593179305377455,15.547851620669677,15.674695122151592
4.868049337643088,5.549748277056215,16.961475581026704,15.730710143414287
5.593179305377455,5.549748277056215,15.674695122151592,15.730710143414287
26.4040834364448,26.070612455214203,12.474929791858628,12.779651158121021
-7.440521777286972,-7.1984063077391856,16.007752889594247,16.095903503056423
15.8243877533156,15.037192475124273,68.30440006375234,67.73944213766795
16.820353795030616,17.68230779505953,69.14267257393347,70.16360287440894
16.820353795030616,15.8243877533156,69.14267257393347,68.30440006375234
17.871577307953288,17.68230779505953,70.68309015660161,70.16360287440894
13.160967672386139,15.037192475124273,66.94764441174041,67.73944213766795
20.845976930076407,22.27458187038886,73.0706849428166,73.03409781801274
13.079578530282918,11.592394393030844,66.49724877040846,62.58182628432643
10.104353632038489,10.780534280139628,61.18020192168257,61.54119962057795
13.079578530282918,13.160967672386139,66.49724877040846,66.94764441174041
10.780534280139628,11.09575174441822,61.54119962057795,61.88508249132537
11.592394393030844,11.09575174441822,62.58182628432643,61.88508249132537
4.030828442147162,4.027474944597515,57.52241868283793,57.615290195343256
2.384377097598837,-1.6417444249752833,59.896872249835624,64.38987450613911
-44.43737508183025,-46.36929185079222,-55.98060199535704,-59.47469845127436
-43.92868602736206,-44.43737508183025,-51.81312916960834,-55.98060199535704
-47.20831543894671,-46.36929185079222,-60.60661411295605,-59.47469845127436
-1.1490773420860636,-3.425311245787754,-13.780171988461262,-14.097091531484908
-15.70019525898606,-15.848019068448696,-48.29110934614662,-48.148435604373496
-13.982242295519919,-14.550732713540805,-51.81856953807637,-50.07512860384468
-19.312998552736417,-17.643332833440486,-48.60788595388606,-48.023896535845665
-15.848019068448696,-17.643332833440486,-48.148435604373496,-48.023896535845665
-10.017854312451345,-10.463194067369356,-29.13012472027038,-28.70214405735881
-10.463194067369356,-11.120813317321774,-28.70214405735881,-28.343356713807314
-37.67081740647054,-44.082407468638,19.182554781871936,21.865451987669974
-25.631941865358115,-25.57979463428403,38.23244683052541,38.16648247612353
-25.078616321472772,-25.19224746385004,33.137529124306795,32.86482994952103
-25.631941865358115,-27.172264607842855,38.23244683052541,39.38723303511533
-27.172264607842855,-29.220536165858665,39.38723303511533,39.95766818898134
-25.078616321472772,-24.73146091469663,33.137529124306795,36.034659072406576
-25.57979463428403,-24.743849633394905,38.16648247612353,36.696669642642995
-29.63177482134892,-29.220536165858665,39.9222086629903,39.95766818898134
-24.73146091469663,-24.743849633394905,36.034659072406576,36.696669642642995
-7.966822292594696,-8.070022459522086,15.913782110403861,15.860312717402497
-8.917530663694876,-9.078144760372366,20.877874581899416,20.821899258243622
-7.440521777286972,-7.966822292594696,16.007752889594247,15.913782110403861
-7.729031663189181,-8.917530663694876,21.53656640384105,20.877874581899416
-8.13559250921784,-8.070022459522086,15.82420683061057,15.860312717402497
-7.202276698245212,-8.783167724978618,23.58007174304181,28.497421925753514
-8.171369482191244,-8.783167724978618,28.79779300100728,28.497421925753514
-7.633498451462529,-7.553289267334052,21.609477798518498,23.056139456036348
-7.553289267334052,-7.202276698245212,23.056139456036348,23.58007174304181
-16.84876451505266,-15.185397592242763,31.48331711468959,30.020747446481664
-17.043192462494467,-16.84876451505266,31.59795074838773,31.48331711468959
-14.84212716440939,-14.969603271124326,28.718904537347292,26.082517285797696
-14.969603271124326,-14.239702874208739,26.082517285797696,25.30962725708697
-15.185397592242763,-14.84212716440939,30.020747446481664,28.718904537347292
-45.062737255901325,-45.03817851438503,24.844660291317147,24.738754787436797
-45.55682888073642,-45.062737255901325,30.12193791562484,24.844660291317147
-46.519698129782185,-48.73891460707279,30.43304944834948,29.2934028041716
-44.74450796416814,-45.03817851438503,23.661216613275002,24.738754787436797
-46.668096597427386,-47.25132197210593,2.160914277361548,4.508348486225588
-42.12987807567164,-46.07828266025658,8.178146909425065,6.663811295352478
-46.07828266025658,-46.69639374738152,6.663811295352478,6.321549294528621
-46.69639374738152,-47.15812284310354,6.321549294528621,5.709448383980625
-47.15812284310354,-47.25132197210593,5.709448383980625,4.508348486225588
-21.6151180566829,-21.898763580731977,13.490866480089089,13.692379487646239
-18.43967711207447,-21.6151180566829,10.011146151422377,13.490866480089089
-24.072025319699403,-21.898763580731977,15.071153149310154,13.692379487646239
-2.572244516988585,-1.884372623467916,43.292302604173294,43.561486202133565
-2.572244516988585,-3.311793842044451,43.292302604173294,41.72633709524288
-2.4985770356054315,0.6655305938759332,38.96460142840116,39.725941579739995
-2.4985770356054315,-3.2845612935953685,38.96460142840116,40.47156922945915
-3.311793842044451,-3.2845612935953685,41.72633709524288,40.47156922945915
-4.352615800995105,-2.617201329152116,36.86156984753542,38.45383482585101
-2.4985770356054315,-2.617201329152116,38.96460142840116,38.45383482585101
-22.58878957814354,-22.48913955980492,62.08817270362789,62.20852613418462
-31.492854607368724,-34.737151405258174,57.273354826133314,56.63311855326647
-22.818273593068103,-22.58878957814354,60.04139016280688,62.08817270362789
41.513030315676254,41.46566356925184,41.83611264435088,40.79234666376104
39.22124551472446,37.84807693724348,33.56456441819133,33.3105417417703
37.84807693724348,36.43610434732188,33.3105417417703,30.362837246905958
50.47405394507728,50.06216856552888,34.676132117903315,34.601223922258626
46.507767681765294,50.06216856552888,36.979398118385305,34.601223922258626
-4.352615800995105,-4.813397720391653,36.86156984753542,35.275372369470404
-0.6410671675678281,-2.3836905368209518,31.835319629220486,32.56390915484967
-4.705077233383067,-4.813397720391653,34.99595834717528,35.275372369470404
-4.705077233383067,-2.744969186189202,34.99595834717528,32.852800935225574
-2.744969186189202,-2.3836905368209518,32.852800935225574,32.56390915484967
0.8109071226648911,2.123496862792021,39.72678486390017,40.00529093248435
2.3660544535399337,2.123496862792021,40.19711336001316,40.00529093248435
0.6655305938759332,0.8109071226648911,39.725941579739995,39.72678486390017
2.3660544535399337,2.3962195649769416,40.19711336001316,40.235936254101766
2.3962195649769416,3.005495336466409,40.235936254101766,42.08615892864824
-34.94813761183242,-34.737151405258174,55.50078141628789,56.63311855326647
-11.983480962461886,-9.008250600080359,-60.51276558222548,-61.399136786428116
-7.264831044193516,-8.053229607007067,-62.32097461628353,-61.872268015721275
-6.279012809800915,-7.030600362722273,-64.25928657074195,-62.58412224272504
-7.030600362722273,-7.264831044193516,-62.58412224272504,-62.32097461628353
-9.008250600080359,-8.053229607007067,-61.399136786428116,-61.872268015721275
25.948249448576767,26.070612455214203,12.937560328124526,12.779651158121021
63.29647475571171,61.96455442363721,27.245288025178397,27.927717026631544
61.96455442363721,61.429281427492484,27.927717026631544,28.25070031746943
63.55036109538544,62.86431568918189,-21.094279992471392,-21.739389421233085
61.87215432840363,62.86431568918189,-22.75228078598761,-21.739389421233085
65.78961793503463,66.74017500346014,-19.30148222617432,-16.15680570477169
65.78961793503463,63.55036109538544,-19.30148222617432,-21.094279992471392
66.66346415329484,66.74017500346014,-14.637310395266514,-16.15680570477169
14.61416214314157,13.230289767879976,-37.234108395479915,-36.2324974505471
15.995142275180402,14.61416214314157,-38.569460781863306,-37.234108395479915
11.966760718023734,13.230289767879976,-35.559370658677715,-36.2324974505471
23.15313598269659,22.183889409962685,-1.6406276776157998,-2.0368224367059287
22.183889409962685,21.072239805607698,-2.0368224367059287,-2.362887978917666
21.072239805607698,20.605932389357168,-2.362887978917666,-2.3948395417720225
20.605932389357168,19.626696478508,-2.3948395417720225,-2.3002586003215617
19.626696478508,18.597234448019037,-2.3002586003215617,-2.05464606412762
23.585329694195842,23.15313598269659,-1.6587037203127162,-1.6406276776157998
17.79460791008453,18.597234448019037,-2.0271841444125895,-2.05464606412762
17.79460791008453,17.1802587208536,-2.0271841444125895,-1.7651839516655254
41.86000981387586,41.0928493412734,-53.46006209918682,-53.27103402829685
41.86000981387586,41.87944170933097,-53.46006209918682,-53.46580414564695
37.515767177999706,40.722556271595934,-54.594460597453335,-53.35193885801437
41.0928493412734,40.722556271595934,-53.27103402829685,-53.35193885801437
49.42210932037732,49.13523460925108,-40.276633018839824,-37.45470343871877
49.13523460925108,49.43490808135502,-37.45470343871877,-36.57321947331006
53.12460790917953,51.82906583519033,-30.364238730377796,-31.4695325751096
49.582532600632746,50.415364367974114,-34.77446843797144,-33.065389856573766
49.582532600632746,49.4097586600676,-34.77446843797144,-36.31502329243299
50.415364367974114,50.457311036958934,-33.065389856573766,-32.99451339420106
50.457311036958934,51.82906583519033,-32.99451339420106,-31.4695325751096
49.4097586600676,49.43490808135502,-36.31502329243299,-36.57321947331006
16.566756416016556,16.629189167619234,-44.20598521057672,-41.28145918507151
15.995142275180402,16.177072383528852,-38.569460781863306,-38.84750630917602
16.629189167619234,16.177072383528852,-41.28145918507151,-38.84750630917602
30.996787151071103,31.297431637267135,-6.132896609745831,-6.2614720784881
31.297431637267135,31.491456688481193,-6.2614720784881,-6.1595751958569664
31.838790486012023,31.491456688481193,-6.010287486207458,-6.1595751958569664
29.50792674679299,30.996787151071103,-5.6551665663718325,-6.132896609745831
32.511366443906475,35.13311292806182,3.544937752425221,6.54636786777728
29.005345532827185,32.77930409922491,10.000631486296385,9.070271912998756
35.13311292806182,32.781848545727435,6.54636786777728,9.067681364809546
32.77930409922491,32.781848545727435,9.070271912998756,9.067681364809546
37.346814027393805,35.13311292806182,6.594340576616503,6.54636786777728
15.52741240970641,15.549173471859106,-1.4068469458309387,-1.4107133087267867
14.857136986917448,15.52741240970641,-1.535270889587539,-1.4068469458309387
17.1802587208536,15.549173471859106,-1.7651839516655254,-1.4107133087267867
-23.209794997394102,-23.408993604857706,-16.804116389178834,-16.530468842107144
-23.408993604857706,-23.512165732141625,-16.530468842107144,-16.42023852947906
-24.111294687959926,-23.512165732141625,-16.01929874492328,-16.42023852947906
-25.234863876964333,-24.111294687959926,-15.20093646258052,-16.01929874492328
-5.299334596599507,-3.812840206964478,-6.308867651354509,-7.457490291597447
-6.6328427801807255,-7.845107460989371,-11.648164074850275,-10.985803917636286
-1.2887410724972974,-2.6280983425181885,-8.410308460260877,-7.969753651378966
-3.812840206964478,-2.6280983425181885,-7.457490291597447,-7.969753651378966
-15.510868658493155,-15.282615546184575,-6.35991228543371,-6.641017633404488
-10.398693626136335,-12.645921823367502,-6.717898683251229,-7.2735760712291535
-12.645921823367502,-15.282615546184575,-7.2735760712291535,-6.641017633404488
-10.398693626136335,-9.31363439401835,-6.717898683251229,-7.396642889302203
-8.762022859732138,-9.170505861682138,-7.504840474669422,-7.44742118290304
-9.31363439401835,-9.170505861682138,-7.396642889302203,-7.44742118290304
29.72255422500359,31.036271445636523,71.2908389739483,70.79429697533796
31.147173086899837,31.036271445636523,70.7744164358243,70.79429697533796
32.200232321502675,31.359662240429728,67.24976897474998,69.19504695340488
31.147173086899837,31.359662240429728,70.7744164358243,69.19504695340488
33.36807269526247,33.2105477902846,64.48559398802843,63.9085509115544
33.2105477902846,33.301270560182836,63.9085509115544,62.52067235618906
33.301270560182836,34.44057266315271,62.52067235618906,60.4149475942803
34.44057266315271,34.79840753915997,60.4149475942803,60.25122221461884
34.84029666427119,34.79840753915997,60.23920904471542,60.25122221461884
32.200232321502675,32.250015353500224,67.24976897474998,65.87715024797028
32.250015353500224,33.36807269526247,65.87715024797028,64.48559398802843
35.60606818360418,34.84029666427119,59.32600282772453,60.23920904471542
20.845976930076407,17.871577307953288,73.0706849428166,70.68309015660161
-6.948176216096835,-8.924447335919279,-17.533791632467317,-16.407247324143047
-3.425311245787754,-3.7848222416649833,-14.097091531484908,-13.804544830239161
-3.7848222416649833,-4.146984071466349,-13.804544830239161,-13.587334349346433
-9.196026338927032,-8.614703692013071,-11.671654809770983,-11.413507037407474
-11.255910212350638,-9.196026338927032,-12.517570833917324,-11.671654809770983
-7.845107460989371,-8.614703692013071,-10.985803917636286,-11.413507037407474
-4.146984071466349,-6.6328427801807255,-13.587334349346433,-11.648164074850275
-22.92473889898879,-21.66357060445549,-22.188602517145373,-20.17808219754121
-23.209794997394102,-21.366657139713524,-16.804116389178834,-18.007652304942123
-21.66357060445549,-21.366657139713524,-20.17808219754121,-18.007652304942123
-19.4183835092545,-18.968361565292273,-17.65543587021094,-17.658592356666272
-21.366657139713524,-19.4183835092545,-18.007652304942123,-17.65543587021094
-14.039507064137624,-13.934720115134937,24.081892875332493,22.813126223834843
-14.239702874208739,-14.039507064137624,25.30962725708697,24.081892875332493
-15.62089520433831,-13.934720115134937,20.12545907417124,22.813126223834843
-48.73891460707279,-49.408889587741456,29.2934028041716,29.04112128078858
-63.87961564264147,-63.84986036981237,-1.8507079753274436,-1.45615124997368
-66.36597070145486,-66.3496097464021,25.653193193548635,25.371489387383036
-19.99868809519471,-19.695115937473044,63.35996351003148,66.23543496283004
-22.48913955980492,-19.99868809519471,62.20852613418462,63.35996351003148
-20.974612607239646,-19.748287880825515,69.36303735529363,66.46494285119479
-19.695115937473044,-19.748287880825515,66.23543496283004,66.46494285119479
40.12627114612436,37.628049909285174,39.708384705651845,36.36097547965423
-6.806227607391701,-5.781731520968179,29.709146163799407,29.17316380865057
-2.9598919456735757,-5.781731520968179,27.423536433970288,29.17316380865057
-8.171369482191244,-6.806227607391701,28.79779300100728,29.709146163799407
38.213493130973085,37.346814027393805,6.315621346161896,6.594340576616503
-6.697064471898004,-3.3159699753149487,78.61782253962502,75.86148225376998
-3.3159699753149487,-0.3844677680382449,75.86148225376998,74.22784990946687
29.783356730624043,33.797978759536626,-18.445691938424964,-16.465248055334158
34.46045645614867,34.224474977779586,-16.42591294430562,-16.42375629710847
33.797978759536626,34.224474977779586,-16.465248055334158,-16.42375629710847
33.765320348641126,37.256327530825395,-52.95508616886946,-54.434923372844054
33.466986789161076,33.765320348641126,-52.97776637497259,-52.95508616886946
37.515767177999706,37.256327530825395,-54.594460597453335,-54.434923372844054
-0.2767250493211093,0.13347252523883313,68.40533070206496,69.32920235432424
0.43543722650015404,0.13347252523883313,69.74954220276238,69.32920235432424
-1.6417444249752833,-2.0173269265484866,64.38987450613911,65.75418614027802
-0.2767250493211093,-1.2423147416480247,68.40533070206496,67.41011424506608
-2.0173269265484866,-1.2423147416480247,65.75418614027802,67.41011424506608
-7.2059645655378635,-6.948176216096835,-19.239357358228855,-17.533791632467317
-7.2059645655378635,-7.396131863733391,-19.239357358228855,-19.56706383010427
-8.924447335919279,-10.29509729723609,-16.407247324143047,-15.895540974183255
-11.120813317321774,-11.064330710424375,-28.343356713807314,-26.508076377927615
-11.064330710424375,-10.895506911470306,-26.508076377927615,-24.934909322809215
-16.711208662722097,-18.968361565292273,-19.201219098359257,-17.658592356666272
-63.84986036981237,-63.95757724492747,-1.45615124997368,-0.3170208546275539
-19.146950044842185,-19.625168172141876,72.0806924124431,71.25282213501049
-20.974612607239646,-20.151120818075572,69.36303735529363,70.47554491148131
-19.625168172141876,-20.151120818075572,71.25282213501049,70.47554491148131
26.660699826817837,30.197977248656628,26.00813163750515,27.95511876218795
26.3016891018624,26.660699826817837,25.596395689851622,26.00813163750515
40.12627114612436,41.46566356925184,39.708384705651845,40.79234666376104
39.22124551472446,42.41508305033983,33.56456441819133,34.461660133813304
62.43172862418739,61.97402023755472,8.825244606535637,10.271494358902178
63.41475321272988,62.0999598247578,18.73380584758467,17.922624279957944
62.0999598247578,61.38090055346401,17.922624279957944,15.846579204625753
61.38090055346401,61.51035493987066,15.846579204625753,12.431261671500991
61.51035493987066,61.571597682557545,12.431261671500991,12.003303062555112
61.97402023755472,61.571597682557545,10.271494358902178,12.003303062555112
66.61917548487045,62.75376702991343,4.475155615969032,8.106279344338907
62.45466297509877,62.75376702991343,8.76648893737053,8.106279344338907
57.82708147622713,58.212232361617026,-1.0960477388295788,-0.8217895282846652
60.79085881769794,60.726841728779334,-1.3617769225715186,-1.3353836427520291
60.726841728779334,58.212232361617026,-1.3353836427520291,-0.8217895282846652
32.76323740758081,30.197977248656628,29.207900721967277,27.95511876218795
59.106580626673214,59.201808236220636,29.999583751436294,29.919021428349545
61.429281427492484,59.201808236220636,28.25070031746943,29.919021428349545
57.72577306685821,59.106580626673214,31.842555172897175,29.999583751436294
-7.396131863733391,-7.670367594210951,-19.56706383010427,-20.26661007315379
-11.155846204574726,-11.988233704459969,-21.857942050765843,-21.06257419606236
-11.155846204574726,-9.796045981846838,-21.857942050765843,-21.381964954073485
-7.670367594210951,-9.796045981846838,-20.26661007315379,-21.381964954073485
-11.255910212350638,-11.482000244599163,-12.517570833917324,-12.928143787607729
-11.482000244599163,-11.40923993534605,-12.928143787607729,-13.479792605105532
-4.365590217300257,-5.783277059497095,-23.687793240053693,-26.031142847463293
-11.155846204574726,-11.186715728364337,-21.857942050765843,-22.548257140818613
-11.186715728364337,-11.092041334718234,-22.548257140818613,-23.353047440280857
-10.895506911470306,-11.168561099551294,-24.934909322809215,-24.046997302613335
-11.092041334718234,-11.168561099551294,-23.353047440280857,-24.046997302613335
-2.990025815752945,-4.365590217300257,-23.212399347166176,-23.687793240053693
-5.696023380228745,-5.783277059497095,-26.49914951950104,-26.031142847463293
-14.660779548199313,-12.2811411990324,-20.30012433843491,-20.89820625996279
-11.988233704459969,-12.2811411990324,-21.06257419606236,-20.89820625996279
-65.31457224680297,-64.19437669179908,1.7636309625501614,0.12815835938501596
-63.95757724492747,-64.19437669179908,-0.3170208546275539,0.12815835938501596
-49.6161944964782,-51.0666481014732,28.99911500457763,28.73916244234901
-49.408889587741456,-49.6161944964782,29.04112128078858,28.99911500457763
-54.517670304079225,-51.0666481014732,29.67843804766416,28.73916244234901
37.84807693724348,37.628049909285174,33.3105417417703,36.36097547965423
36.43610434732188,33.32684416138813,30.362837246905958,29.696587105107398
32.76323740758081,33.32684416138813,29.207900721967277,29.696587105107398
46.507767681765294,45.07709344070566,36.979398118385305,35.89184912447854
42.41508305033983,43.879810080799125,34.461660133813304,35.10516055992284
45.07709344070566,43.879810080799125,35.89184912447854,35.10516055992284
60.79085881769794,63.26183127024123,-1.3617769225715186,-0.3490116061432853
68.4261444250851,63.33101164689968,1.1416983038918795,-0.32502391341656445
63.26183127024123,63.33101164689968,-0.3490116061432853,-0.32502391341656445
34.46045645614867,36.396727454933966,-16.42591294430562,-15.85655993276714
-0.3844677680382449,-0.2474429175855679,74.22784990946687,72.39992980399863
0.43543722650015404,-0.1952988918080747,69.74954220276238,71.98515722475352
-0.2474429175855679,-0.1952988918080747,72.39992980399863,71.98515722475352
22.27458187038886,23.018750682593442,73.03409781801274,72.41887522455791
23.018750682593442,23.569557562868624,72.41887522455791,72.04121062450307
29.72255422500359,28.15531558481549,71.2908389739483,70.93454742637108
-16.711208662722097,-15.766402888906429,-19.201219098359257,-19.34711766365467
-14.709497499978923,-15.646100906226053,-20.279729757900274,-19.435806979982107
-15.766402888906429,-15.646100906226053,-19.34711766365467,-19.435806979982107
-14.709497499978923,-14.660779548199313,-20.279729757900274,-20.30012433843491
66.61917548487045,66.76617800172917,4.475155615969032,4.348390992611586
66.76617800172917,68.27144848629054,4.348390992611586,3.217652473080981
68.4261444250851,68.29184157566749,1.1416983038918795,2.76019366302303
68.27144848629054,68.29184157566749,3.217652473080981,2.76019366302303
47.41806559036357,45.9391922347839,-11.456831241962096,-10.50293245589705
45.9391922347839,43.02350748080303,-10.50293245589705,-12.253293163125633
43.02350748080303,40.975688852118324,-12.253293163125633,-13.30158897335129
23.569557562868624,25.38805315013045,72.04121062450307,71.32204324945732
28.15531558481549,26.439462936377144,70.93454742637108,71.10051642487701
25.38805315013045,26.439462936377144,71.32204324945732,71.10051642487701
-10.29509729723609,-10.559319891061298,-15.895540974183255,-15.639999846233584
-11.40923993534605,-11.399533559340052,-13.479792605105532,-13.825336297106407
-11.399533559340052,-10.846073675203657,-13.825336297106407,-15.10487695726376
-10.846073675203657,-10.559319891061298,-15.10487695726376,-15.639999846233584
-71.4398239052958,-71.42565492798464,8.450006517630383,11.332167652944598
-71.9328618908674,-71.92471205043284,13.898576312001298,13.873555358945353
-71.42565492798464,-71.92471205043284,11.332167652944598,13.873555358945353
39.10565187643128,37.565472689691255,4.836166619723816,-3.463666615655761
34.393635385825554,37.23688347311314,-0.9664376986875163,-3.4813294754011874
37.23688347311314,37.565472689691255,-3.4813294754011874,-3.463666615655761
-71.9328618908674,-71.41998095501386,13.898576312001298,14.889985948894763
-70.93080490259682,-71.41998095501386,16.360062166175545,14.889985948894763
36.396727454933966,38.13805860643825,-15.85655993276714,-14.260596389140966
38.13805860643825,39.29765845413389,-14.260596389140966,-13.864611381953646
40.975688852118324,39.66407441406549,-13.30158897335129,-13.719492850807697
39.29765845413389,39.66407441406549,-13.864611381953646,-13.719492850807697
31.838790486012023,35.499921165069566,-6.010287486207458,-4.698074053150845
37.23688347311314,35.62511957885031,-3.4813294754011874,-4.630759103653548
35.499921165069566,35.62511957885031,-4.698074053150845,-4.630759103653548
44.517393101747004,44.061373656305314,-5.065222818300839,-5.947989142224875
37.565472689691255,39.5145474333629,-3.463666615655761,-4.450797546607688
39.5145474333629,44.061373656305314,-4.450797546607688,-5.947989142224875
45.9391922347839,44.37313793772522,-10.50293245589705,-6.767466431831272
44.061373656305314,44.37313793772522,-5.947989142224875,-6.767466431831272
-66.3496097464021,-66.63022291546729,25.371489387383036,22.215418572188398
-65.31457224680297,-65.25293548684411,1.7636309625501614,2.1604588679263577
-66.10699227941109,-65.28127693141855,7.132540285660911,5.730680316915201
-66.10699227941109,-67.32498993861952,7.132540285660911,7.8164481978929
-71.4398239052958,-68.17260643834011,8.450006517630383,8.094933231406
-67.32498993861952,-68.17260643834011,7.8164481978929,8.094933231406
-65.25293548684411,-65.28127693141855,2.1604588679263577,5.730680316915201
-66.63022291546729,-68.97656095450223,22.215418572188398,18.03353044042854
-70.93080490259682,-69.91407265841967,16.360062166175545,17.003994884332535
-68.97656095450223,-69.91407265841967,18.03353044042854,17.003994884332535
