article_id,country
1,0
2,1
3,1
6,4
7,4
9,7
10,7
14,7
15,1
16,7
17,7
21,6
22,1
23,1
25,8
26,1
30,1
34,1
35,1
38,5
41,0
42,0
43,8
45,3
47,8
49,1
50,5
51,8
55,5
56,3
57,3
58,0
60,1
62,8
63,0
67,1
70,0
71,1
73,8
74,0
75,8
77,8
80,6
84,7
85,7
86,5
87,2
88,3
89,3
94,2
96,1
97,1
99,1
100,7
101,0
109,7
110,6
111,0
112,7
113,4
114,4
115,6
116,5
117,6
120,8
121,8
123,7
124,6
125,4
126,4
128,4
129,0
130,6
131,8
133,4
134,3
136,1
137,1
139,8
140,8
141,8
142,8
143,2
144,8
145,8
146,1
148,5
150,4
151,4
152,4
154,4
155,8
156,8
157,8
158,8
159,0
160,4
161,6
162,5
163,6
164,6
166,0
167,5
168,5
169,5
170,5
171,5
172,5
173,7
174,2
175,5
176,5
177,5
178,5
179,5
180,5
181,5
182,5
183,5
184,5
185,5
186,7
187,5
188,5
190,7
191,4
192,3
194,7
199,8
200,8
201,3
202,5
203,3
204,5
207,1
211,4
212,4
213,4
214,6
215,4
216,1
217,5
219,7
221,4
222,7
223,5
224,7
225,5
226,1
227,5
229,1
231,2
233,8
235,0
236,2
237,4
238,8
239,2
240,4
241,8
243,8
244,6
245,1
249,8
251,7
252,5
253,5
254,4
256,6
257,7
258,0
260,4
262,8
265,7
267,8
269,0
270,3
271,2
273,4
275,1
279,7
280,8
282,6
283,4
284,8
288,2
289,5
290,1
293,7
294,7
295,8
296,8
297,1
298,4
299,1
301,8
302,4
304,4
306,4
307,1
308,1
309,7
313,5
314,4
315,4
316,8
317,7
318,2
319,3
320,4
321,6
322,6
323,5
324,2
325,4
326,7
327,4
328,4
329,5
330,7
331,4
332,7
333,7
334,1
335,8
336,8
337,5
338,4
339,4
340,4
341,7
342,7
343,0
344,1
345,8
346,5
347,0
349,3
351,3
352,8
353,4
354,3
355,2
356,7
358,3
359,0
361,8
363,8
364,8
365,8
366,7
367,7
368,7
369,7
370,6
371,6
372,4
374,6
375,8
376,8
378,1
379,8
380,4
381,7
382,3
383,8
384,5
385,4
386,7
390,5
391,5
393,2
394,5
396,4
397,5
398,6
400,5
402,2
409,1
412,7
414,7
415,5
419,5
429,8
433,1
435,7
436,4
437,7
438,4
439,0
442,2
443,2
447,0
457,1
463,8
464,8
468,0
469,4
472,6
473,6
481,6
482,3
483,7
485,8
486,3
488,2
490,3
491,3
492,5
493,6
494,6
496,8
508,7
515,3
517,5
518,5
524,4
525,4
526,4
527,3
528,3
529,8
530,6
532,3
533,3
534,0
535,1
538,3
539,8
540,8
542,7
551,7
552,1
553,1
554,4
557,5
562,3
563,2
565,1
568,7
569,6
570,6
571,1
574,2
576,6
577,0
579,0
580,3
581,8
585,1
587,4
591,3
592,4
594,7
595,8
596,7
597,1
598,4
599,7
600,7
601,4
602,7
603,4
604,4
605,4
606,1
607,0
611,4
613,4
617,4
619,4
627,1
628,8
629,8
632,0
633,7
634,2
635,8
637,2
640,5
641,4
643,7
645,8
646,3
648,1
649,6
650,6
651,4
653,3
655,6
656,6
657,6
658,6
659,6
660,4
663,7
665,0
667,6
668,1
669,4
670,4
672,4
673,3
674,3
684,4
685,4
686,7
687,5
688,5
689,5
690,5
691,5
692,5
694,5
696,5
697,5
698,2
699,5
700,5
701,7
702,5
703,5
705,5
706,5
707,5
708,5
709,5
710,5
711,5
712,5
713,5
714,5
715,5
716,2
717,5
718,5
719,5
720,5
721,5
722,5
723,5
724,7
725,5
726,5
727,5
728,7
729,7
731,5
732,5
733,5
734,5
735,5
736,5
737,7
738,5
739,5
740,5
741,5
742,7
743,5
744,5
745,5
746,5
747,5
748,5
749,5
750,7
751,5
752,5
753,4
754,4
755,5
756,5
757,5
758,5
762,5
763,4
764,4
766,3
767,4
768,5
769,1
772,5
788,7
803,3
804,2
806,5
808,4
809,1
811,6
812,4
813,4
816,5
821,4
822,1
830,4
832,4
833,0
836,3
842,2
850,4
851,1
853,7
854,5
855,7
856,5
858,0
859,0
860,1
862,0
865,3
866,4
868,0
869,0
870,7
877,3
878,8
881,2
882,4
885,4
886,6
887,6
888,6
889,6
890,0
891,0
892,1
894,8
895,1
898,5
899,1
900,8
911,8
913,7
925,1
927,4
928,8
929,4
930,0
931,5
932,6
933,5
937,8
938,4
940,4
941,0
942,7
943,4
944,0
945,5
947,5
948,8
949,0
952,1
953,7
958,4
959,0
960,4
961,5
963,0
964,4
965,2
966,4
967,7
969,6
972,2
973,6
974,4
975,4
976,1
977,4
979,5
981,5
989,8
990,6
991,4
992,3
993,0
999,1
1005,8
1006,0
1008,1
1009,5
1010,2
1011,7
1012,1
1018,8
1022,7
1023,4
1025,1
1026,1
1027,1
1032,1
1033,8
1034,8
1042,8
1050,6
1068,3
1069,4
1070,4
1073,6
1074,3
1075,4
1076,4
1077,4
1078,5
1079,5
1082,8
1083,8
1087,6
1088,8
1089,4
1090,4
1091,4
1092,4
1094,4
1095,6
1096,0
1101,3
1103,3
1107,1
1111,4
1113,5
1120,8
1136,2
1138,5
1140,7
1141,4
1143,8
1145,6
1158,1
1162,8
1164,1
1166,0
1167,8
1180,8
1184,8
1186,8
1190,3
1192,4
1194,6
1196,3
1197,4
1198,5
1202,4
1205,4
1208,5
1211,1
1212,7
1214,8
1215,4
1218,8
1219,3
1220,5
1225,4
1227,1
1229,1
1230,3
1231,4
1232,6
1238,5
1240,0
1241,7
1242,0
1243,4
1249,3
1250,4
1252,8
1255,8
1257,8
1258,2
1259,7
1260,7
1262,8
1263,8
1264,4
1265,7
1267,8
1270,0
1271,8
1272,7
1280,3
1281,3
1282,3
1283,3
1285,8
1286,4
1289,6
1291,6
1292,7
1294,7
1299,8
1300,6
1308,4
1309,4
1310,4
1311,6
1312,7
1313,7
1318,3
1320,4
1322,4
1323,4
1324,4
1325,6
1327,1
1328,6
1329,6
1330,6
1331,6
1332,4
1334,7
1335,0
1336,5
1338,5
1339,4
1341,6
1342,6
1343,5
1344,7
1346,3
1348,4
1350,6
1351,3
1356,7
1358,0
1359,3
1361,4
1362,4
1364,4
1365,3
1367,4
1368,7
1369,6
1371,4
1372,5
1373,3
1374,6
1375,2
1376,4
1379,8
1383,8
1384,8
1386,0
1387,8
1388,4
1389,8
1397,3
1404,3
1406,8
1415,3
1416,5
1417,7
1418,7
1419,7
1421,4
1422,7
1423,3
1424,7
1425,4
1426,5
1427,5
1428,3
1430,4
1432,4
1435,0
1437,4
1438,4
1439,5
1440,5
1441,5
1444,8
1446,2
1447,1
1450,2
1451,2
1452,0
1456,4
1458,3
1459,5
1461,7
1462,4
1463,3
1464,4
1465,7
1466,4
1468,7
1470,7
1471,3
1472,4
1473,4
1475,4
1478,0
1483,0
1484,5
1485,7
1486,4
1488,8
1489,7
1490,5
1492,7
1493,6
1494,0
1495,5
1496,5
1497,7
1498,7
1499,4
1502,1
1503,2
1505,4
1508,4
1510,4
1513,4
1514,3
1515,8
1518,5
1519,4
1520,4
1521,5
1523,5
1524,0
1527,3
1530,1
1531,3
1532,0
1534,8
1536,8
1538,8
1541,4
1542,4
1543,4
1546,7
1547,0
1550,7
1551,3
1552,5
1553,4
1555,3
1557,6
1558,6
1559,7
1561,6
1564,2
1571,3
1574,4
1576,3
1577,7
1578,5
1581,8
1583,7
1584,8
1585,1
1586,1
1587,4
1588,1
1589,0
1591,1
1592,4
1598,1
1601,4
1602,4
1603,8
1604,5
1606,7
1608,8
1609,7
1610,4
1614,6
1615,3
1621,7
1623,3
1627,3
1628,3
1629,8
1631,7
1634,6
1636,3
1637,4
1638,8
1642,7
1643,7
1644,5
1645,5
1646,7
1647,5
1648,5
1649,7
1652,5
1653,7
1654,7
1658,1
1660,4
1661,7
1662,4
1666,2
1673,5
1674,7
1675,4
1676,1
1677,6
1678,5
1680,4
1681,6
1682,3
1683,6
1685,1
1686,6
1687,5
1688,5
1689,6
1690,5
1691,5
1692,5
1693,5
1694,5
1695,5
1696,5
1697,5
1698,6
1700,5
1701,5
1702,3
1703,6
1704,6
1705,6
1706,6
1707,2
1708,6
1709,6
1710,6
1711,5
1712,5
1713,1
1715,4
1719,1
1720,5
1721,3
1722,6
1723,6
1724,2
1727,4
1729,4
1730,3
1731,8
1732,8
1737,4
1738,3
1739,3
1744,7
1747,1
1752,5
1753,5
1754,0
1755,5
1756,5
1757,7
1760,5
1762,5
1772,2
1773,1
1787,1
1791,8
1799,8
1803,1
1804,2
1805,8
1808,1
1816,7
1817,2
1820,1
1821,8
1822,8
1824,3
1826,7
1827,4
1828,7
1832,1
1837,8
1838,8
1839,7
1843,4
1844,7
1845,2
1847,5
1848,6
1849,6
1850,7
1852,8
1853,3
1861,4
1862,2
1863,4
1865,4
1869,8
1872,6
1874,8
1877,8
1881,8
1900,8
1906,4
1908,7
1909,3
1910,7
1917,7
1919,8
1920,1
1922,7
1924,4
1929,6
1930,6
1931,6
1932,3
1933,0
1934,8
1936,7
1938,6
1939,6
1940,7
1941,6
1946,6
1948,0
1950,4
1952,4
1953,4
1955,3
1957,7
1961,5
1963,1
1964,4
1965,2
1975,0
1977,5
1978,6
1979,8
1981,6
1983,6
1984,6
1985,6
1986,6
1987,6
1988,3
1990,6
1991,2
1997,4
1998,1
1999,8
2000,0
2002,1
2004,8
2009,6
2011,6
2020,8
2021,4
2025,8
2032,1
2034,7
2036,8
2039,8
2043,2
2044,2
2046,7
2047,3
2050,4
2053,8
2055,6
2056,4
2058,0
2060,6
2061,3
2066,3
2076,4
2081,3
2090,3
2091,6
2094,0
2096,0
2097,8
2101,0
2105,5
2106,6
2107,6
2108,3
2112,2
2117,6
2119,3
2120,5
2121,5
2122,5
2124,3
2125,6
2126,8
2135,3
2136,6
2138,7
2140,7
2142,3
2143,0
2145,6
2147,6
2149,1
2150,7
2157,8
2158,7
2159,0
2164,8
2167,4
2170,6
2171,4
2172,0
2174,5
2176,2
2179,8
2181,5
2182,2
2186,2
2189,4
2190,5
2191,5
2192,0
2193,5
2194,6
2195,5
2196,3
2197,6
2198,6
2199,3
2200,5
2201,0
2204,6
2205,6
2210,1
2211,1
2212,8
2215,1
2217,1
2224,1
2227,7
2228,7
2229,5
2230,6
2231,6
2232,6
2233,8
2235,5
2240,3
2241,6
2243,1
2250,5
2256,8
2258,2
2259,5
2263,0
2267,8
2269,0
2273,8
2275,4
2278,8
2279,0
2280,8
2288,4
2291,7
2292,3
2294,1
2295,4
2297,4
2298,7
2299,3
2300,6
2304,5
2307,5
2308,2
2309,7
2311,8
2312,5
2314,1
2317,3
2318,7
2320,7
2323,3
2324,7
2326,4
2327,4
2328,7
2330,7
2332,4
2333,3
2334,3
2335,6
2336,5
2337,7
2338,4
2340,4
2343,3
2344,4
2345,1
2347,8
2350,4
2351,3
2352,5
2354,6
2356,3
2363,6
2365,5
2366,2
2370,5
2371,6
2372,3
2373,5
2374,3
2375,5
2376,5
2377,3
2381,5
2383,1
2384,4
2385,4
2387,4
2389,4
2390,4
2391,4
2392,3
2395,4
2397,7
2398,5
2399,4
2401,0
2402,8
2407,1
2411,3
2415,4
2420,0
2421,8
2430,8
2432,5
2433,4
2434,5
2435,8
2436,8
2438,3
2439,7
2440,0
2441,1
2447,5
2448,0
2449,7
2450,5
2452,0
2453,3
2454,4
2455,8
2456,6
2457,3
2458,8
2459,7
2462,6
2463,2
2464,4
2465,0
2468,1
2472,3
2476,6
2479,6
2480,6
2481,5
2482,4
2483,4
2484,4
2488,4
2489,4
2490,4
2491,4
2492,6
2493,5
2498,6
2499,6
2500,6
2501,6
2502,6
2503,6
2504,3
2508,8
2518,6
2519,2
2520,0
2521,0
2522,4
2523,7
2525,4
2528,2
2529,1
2531,4
2534,0
2537,4
2539,6
2542,5
2543,5
2544,3
2545,3
2550,4
2552,4
2553,2
2555,3
2556,3
2557,0
2559,7
2566,3
2569,6
2570,4
2574,7
2575,0
2576,2
2577,4
2578,0
2579,3
2581,0
2583,5
2585,4
2587,7
2588,5
2589,5
2590,0
2591,5
2592,5
2593,5
2594,5
2595,5
2597,5
2598,5
2599,5
2600,5
2601,5
2603,5
2604,5
2605,5
2606,7
2607,5
2608,5
2609,2
2611,5
2613,5
2614,5
2615,5
2617,5
2618,5
2619,5
2620,5
2621,5
2622,5
2623,5
2624,7
2625,5
2627,5
2628,5
2629,5
2630,5
2631,5
2632,5
2635,5
2636,2
2637,5
2638,2
2639,0
2640,5
2641,5
2642,5
2643,5
2644,5
2645,5
2648,0
2649,5
2651,5
2652,5
2653,5
2654,5
2655,5
2657,7
2658,7
2659,5
2660,5
2661,5
2662,5
2663,5
2666,5
2667,5
2668,0
2670,5
2671,5
2672,5
2673,5
2674,5
2675,5
2677,7
2678,5
2679,1
2683,0
2684,0
2685,3
2686,5
2688,5
2689,5
2690,5
2691,5
2692,7
2693,5
2694,5
2695,2
2697,2
2698,5
2699,5
2700,5
2701,2
2702,5
2703,7
2704,0
2706,2
2707,5
2708,5
2710,5
2712,5
2713,5
2714,5
2715,0
2716,5
2717,5
2718,7
2719,5
2720,5
2722,2
2724,4
2725,4
2732,7
2734,6
2735,3
2736,3
2737,3
2738,3
2740,4
2741,5
2743,4
2744,5
2745,4
2746,3
2748,3
2750,3
2753,8
2754,1
2755,1
2763,5
2765,5
2772,8
2773,6
2774,3
2775,4
2776,3
2779,7
2780,5
2783,3
2784,8
2786,1
2787,8
2789,1
2802,8
2809,8
2819,8
2820,1
2823,6
2831,8
2834,3
2835,3
2836,3
2837,5
2838,6
2839,5
2840,1
2841,0
2842,4
2847,4
2848,7
2849,4
2850,6
2852,4
2855,1
2859,4
2860,1
2862,4
2872,6
2874,8
2881,8
2883,1
2886,6
2888,6
2890,5
2891,6
2892,6
2894,6
2898,5
2904,7
2905,3
2906,4
2907,5
2908,5
2909,5
2912,7
2913,4
2914,4
2917,0
2918,4
2919,5
2921,3
2929,7
2931,7
2932,7
2937,8
2941,6
2944,2
2946,6
2947,7
2950,4
2951,6
2952,2
2953,4
2955,1
2962,3
2966,7
2967,6
2968,1
2969,5
2970,4
2971,6
2974,8
2977,1
2979,0
2980,3
2981,5
2982,7
2984,4
2986,4
2987,4
2990,7
2992,3
2993,0
2997,8
2999,1
3000,8
3003,7
3011,1
3012,8
3014,8
3015,0
3016,4
3018,7
3019,5
3020,1
3022,1
3024,8
3025,4
3026,5
3029,1
3035,5
3036,0
3037,3
3040,3
3041,6
3043,6
3045,6
3048,1
3049,6
3051,7
3054,8
3060,5
3061,3
3062,5
3065,4
3067,6
3069,1
3073,1
3074,2
3076,0
3079,0
3083,1
3085,1
3104,4
3107,5
3110,1
3111,8
3119,4
3121,6
3122,4
3124,8
3125,0
3126,0
3127,2
3129,4
3130,3
3132,2
3136,8
3138,5
3140,0
3141,5
3146,4
3148,1
3151,3
3152,6
3154,4
3156,5
3159,2
3161,1
3165,2
3170,7
3172,1
3173,5
3178,6
3179,6
3182,8
3186,8
3190,1
3191,8
3193,5
3194,8
3195,8
3196,3
3201,8
3202,0
3203,0
3205,4
3223,4
3226,6
3227,1
3228,1
3230,8
3239,1
3240,6
3242,7
3245,4
3246,4
3247,4
3249,5
3250,5
3251,4
3252,6
3253,5
3254,6
3255,5
3256,5
3257,6
3258,6
3259,5
3260,7
3261,5
3263,8
3270,8
3271,5
3273,1
3274,4
3275,4
3276,5
3277,0
3278,5
3279,3
3281,4
3284,7
3285,4
3286,6
3291,5
3295,6
3296,4
3299,6
3304,0
3306,4
3312,2
3314,5
3316,2
3318,3
3321,8
3322,6
3327,8
3334,0
3335,7
3336,2
3337,2
3339,2
3341,4
3344,1
3347,4
3348,4
3349,8
3350,6
3352,2
3353,2
3354,2
3355,3
3357,2
3358,5
3359,5
3360,4
3361,4
3362,7
3363,5
3364,4
3365,4
3366,8
3369,4
3373,6
3374,3
3382,8
3387,6
3389,2
3390,7
3393,3
3394,3
3400,7
3401,4
3418,2
3424,6
3426,3
3430,1
3435,6
3436,5
3441,1
3451,8
3456,1
3458,4
3460,0
3461,2
3463,2
3470,5
3471,2
3480,1
3481,1
3484,8
3492,8
3498,7
3513,8
3516,1
3520,2
3521,8
3527,8
3534,1
3535,8
3539,8
3546,6
3550,4
3551,0
3553,0
3556,8
3558,8
3561,8
3563,7
3567,1
3568,0
3569,7
3573,8
3577,3
3578,4
3579,8
3581,0
3585,8
3603,8
3613,4
3618,5
3619,8
3622,4
3623,0
3630,5
3631,7
3632,5
3633,6
3641,3
3642,8
3643,1
3646,7
3648,8
3650,6
3652,8
3659,0
3666,8
3668,0
3670,0
3673,5
3675,8
3679,8
3680,7
3682,3
3684,1
3687,0
3694,3
3697,3
3698,5
3700,5
3701,0
3705,4
3706,6
3707,5
3709,8
3712,3
3713,5
3715,0
3716,2
3719,6
3721,7
3724,2
3726,2
3728,7
3732,4
3735,3
3737,4
3738,5
3740,6
3742,8
3748,6
3749,8
3750,1
3751,8
3752,6
3753,6
3754,6
3756,2
3758,4
3763,3
3765,4
3766,4
3767,3
3768,3
3769,4
3770,4
3771,4
3773,0
3774,6
3775,7
3777,8
3778,7
3779,0
3786,3
3787,3
3790,4
3792,4
3794,3
3795,6
3796,4
3797,8
3798,8
3800,4
3802,2
3803,1
3808,8
3813,1
3815,3
3817,3
3818,3
3824,4
3829,0
3830,2
3834,5
3835,3
3846,5
3857,1
3861,1
3862,1
3866,3
3869,3
3873,2
3874,2
3875,5
3876,2
3878,4
3879,0
3880,2
3883,2
3884,2
3886,7
3887,4
3889,6
3890,6
3892,4
3895,5
3896,1
3906,8
3909,0
3911,7
3927,7
3933,8
3934,8
3935,1
3938,8
3945,1
3964,0
3966,7
3967,7
3968,7
3969,6
3971,6
3972,6
3973,6
3974,6
3975,6
3976,6
3978,6
3979,6
3980,6
3981,6
3983,6
3984,8
3987,4
3988,5
3989,0
3999,4
4000,8
4002,0
4005,6
4006,6
4007,1
4008,1
4009,7
4010,1
4018,6
4019,1
4023,8
4031,3
4038,2
4044,8
4046,1
4047,5
4048,8
4050,7
4052,3
4057,3
4058,8
4060,5
4061,5
4063,5
4064,5
4065,5
4066,5
4068,2
4072,5
4076,0
4080,5
4083,4
4085,8
4086,5
4090,1
4091,5
4094,3
4095,4
4097,8
4098,0
4099,8
4101,8
4102,8
4106,6
4107,6
4114,7
4115,2
4118,4
4123,1
4124,8
4125,4
4128,4
4130,8
4141,7
4142,2
4143,6
4144,8
4155,8
4160,3
4162,4
4165,7
4167,7
4169,7
4170,4
4171,6
4172,7
4173,7
4177,5
4178,5
4182,6
4185,7
4189,5
4190,2
4191,7
4193,2
4195,6
4196,2
4197,2
4198,2
4199,2
4200,5
4205,5
4207,6
4209,2
4211,6
4214,5
4216,7
4218,7
4220,1
4222,4
4224,8
4227,4
4230,7
4233,7
4234,7
4235,7
4237,7
4239,4
4241,7
4242,3
4244,7
4246,6
4250,3
4251,7
4253,4
4257,1
4258,1
4262,2
4264,8
4268,6
4271,7
4273,7
4275,7
4277,6
4278,7
4280,4
4281,7
4284,6
4289,6
4292,6
4295,3
4296,7
4297,0
4298,0
4302,0
4304,0
4314,6
4317,3
4318,3
4319,1
4325,3
4326,0
4327,4
4329,8
4334,4
4335,7
4337,3
4338,7
4340,1
4343,2
4344,4
4345,4
4346,4
4347,3
4349,0
4351,0
4355,7
4356,5
4358,7
4359,2
4362,8
4365,3
4367,7
4369,7
4374,4
4375,0
4378,4
4381,1
4384,1
4385,1
4389,8
4393,8
4398,4
4400,8
4401,8
4402,4
4405,4
4406,4
4408,4
4409,4
4410,7
4413,7
4414,7
4416,7
4419,4
4420,0
4421,5
4422,3
4423,7
4426,1
4427,8
4431,0
4432,0
4440,6
4442,2
4444,1
4445,4
4446,4
4449,4
4450,4
4451,8
4452,3
4453,3
4454,7
4455,7
4458,1
4461,4
4462,4
4463,6
4467,0
4470,7
4471,4
4472,8
4473,6
4474,4
4475,6
4476,0
4477,0
4479,5
4481,4
4482,7
4484,7
4490,8
4491,4
4492,5
4493,5
4494,1
4496,2
4497,2
4498,4
4499,3
4501,3
4502,6
4503,6
4504,6
4507,4
4509,7
4511,7
4512,4
4513,7
4514,6
4518,7
4519,4
4520,6
4521,0
4522,3
4523,4
4524,5
4527,6
4530,1
4532,7
4536,3
4538,0
4539,2
4541,6
4545,8
4548,7
4552,1
4553,5
4554,2
4556,8
4560,4
4564,3
4565,1
4569,8
4570,4
4571,4
4572,4
4573,4
4575,7
4577,4
4578,7
4579,4
4580,1
4585,5
4587,4
4590,6
4591,6
4593,4
4594,4
4595,0
4597,3
4598,4
4602,8
4604,1
4605,8
4610,1
4611,0
4615,3
4616,3
4618,3
4620,8
4621,1
4630,8
4633,4
4635,3
4638,7
4639,8
4640,3
4644,8
4645,8
4648,1
4659,8
4660,1
4661,4
4662,0
4663,0
4665,0
4667,0
4668,0
4669,4
4671,8
4681,5
4683,4
4687,3
4688,5
4689,6
4695,3
4697,7
4701,8
4704,8
4705,7
4706,8
4708,3
4713,2
4717,8
4718,8
4721,0
4722,6
4725,6
4728,6
4729,7
4733,4
4735,6
4736,0
4745,7
4746,4
4748,7
4749,5
4750,5
4751,5
4752,5
4757,7
4759,4
4760,5
4761,5
4762,0
4763,6
4764,3
4767,7
4769,3
4770,4
4771,1
4772,4
4777,1
4779,5
4780,0
4781,7
4782,7
4784,4
4787,5
4788,5
4789,0
4790,5
4791,7
4793,0
4794,7
4795,5
4798,4
4800,6
4802,7
4804,1
4805,3
4806,4
4808,7
4809,5
4811,5
4813,5
4814,5
4815,3
4817,3
4819,3
4824,8
4825,4
4828,2
4831,2
4840,6
4841,4
4842,4
4843,5
4846,3
4847,4
4849,5
4851,3
4854,4
4857,5
4858,4
4860,0
4861,1
4862,4
4863,3
4865,7
4867,7
4869,7
4870,2
4872,0
4874,1
4875,8
4877,4
4878,4
4879,4
4880,0
4881,0
4887,7
4888,1
4892,6
4893,5
4895,6
4897,8
4898,8
4899,8
4900,3
4901,3
4902,5
4904,3
4906,0
4907,4
4908,7
4909,4
4912,1
4917,2
4919,2
4921,2
4922,2
4926,2
4927,8
4928,2
4930,2
4931,0
4932,0
4933,0
4935,5
4936,7
4937,5
4938,4
4940,5
4944,8
4947,7
4949,2
4955,8
4957,3
4958,7
4959,1
4964,0
4967,5
4971,7
4974,5
4976,6
4978,5
4979,5
4980,5
4981,4
4986,6
4987,4
4989,4
4990,4
4991,4
4993,1
4996,5
4998,5
5001,7
5003,1
5006,8
5010,4
5011,0
5014,0
5018,2
5019,4
5020,7
5022,4
5024,3
5025,0
5026,5
5027,4
5030,4
5035,3
5038,3
5046,6
5047,8
5048,2
5049,6
5050,2
5052,3
5053,6
5054,3
5056,4
5057,4
5058,4
5064,5
5066,5
5067,0
5070,4
5071,0
5075,5
5077,8
5083,4
5084,5
5085,5
5087,5
5088,7
5089,6
5090,3
5095,7
5102,3
5104,1
5105,1
5106,1
5107,5
5108,3
5109,4
5110,2
5112,1
5116,2
5120,8
5121,3
5122,3
5123,3
5125,1
5126,6
5128,8
5129,8
5132,1
5134,4
5136,4
5140,6
5142,1
5144,8
5146,8
5149,7
5159,3
5160,8
5161,4
5162,3
5166,0
5167,6
5169,7
5170,8
5171,8
5175,0
5176,8
5177,0
5180,6
5182,4
5183,4
5186,0
5187,6
5189,4
5190,3
5192,0
5194,8
5196,4
5198,7
5199,5
5200,7
5201,6
5202,2
5203,3
5204,1
5208,6
5210,5
5211,0
5212,7
5213,4
5214,4
5216,5
5217,0
5219,5
5223,3
5224,1
5226,6
5228,7
5229,7
5230,8
5233,5
5234,7
5237,6
5238,6
5240,6
5241,0
5242,0
5243,4
5244,4
5247,6
5248,8
5249,7
5250,2
5253,6
5254,6
5256,0
5257,8
5258,0
5261,7
5263,4
5265,7
5269,8
5272,4
5273,7
5274,8
5278,4
5279,3
5281,3
5290,5
5292,2
5294,1
5305,7
5306,3
5307,6
5308,4
5309,4
5310,4
5312,5
5313,1
5315,1
5319,8
5321,7
5324,7
5325,4
5326,7
5330,7
5331,8
5332,7
5333,7
5334,3
5335,3
5336,0
5339,1
5341,5
5342,5
5344,0
5345,7
5346,7
5347,5
5348,7
5353,3
5354,0
5355,8
5357,3
5368,8
5371,8
5377,7
5387,8
5390,1
5392,8
5393,0
5397,0
5398,7
5404,1
5406,5
5412,5
5413,0
5414,4
5415,3
5416,6
5417,5
5418,7
5419,6
5420,0
5425,8
5426,6
5427,3
5428,2
5434,1
5436,7
5437,8
5439,6
5440,3
5444,3
5445,8
5449,2
5452,4
5453,4
5454,5
5455,4
5456,2
5459,6
5462,8
5463,2
5470,4
5475,5
5476,8
5480,1
5481,5
5487,3
5504,8
5510,4
5511,5
5512,5
5514,5
5515,5
5516,5
5517,5
5518,5
5522,5
5524,5
5525,5
5526,5
5527,5
5528,7
5529,6
5531,6
5535,6
5537,6
5538,2
5542,2
5545,1
5548,3
5551,2
5559,6
5560,2
5561,2
5587,6
5596,7
5603,2
5610,0
5613,6
5616,2
5619,7
5621,6
5622,1
5623,7
5626,7
5628,2
5629,2
5631,2
5643,0
5661,8
5662,4
5666,2
5667,3
5668,2
5670,4
5679,2
5680,2
5684,4
5685,2
5689,7
5694,0
5698,4
5701,6
5704,6
5706,3
5707,0
5710,2
5712,8
5719,2
5721,2
5723,2
5727,7
5728,6
5730,2
5732,6
5734,6
5735,2
5737,6
5740,2
5745,2
5760,7
5763,3
5767,6
5779,2
5780,2
5783,2
5789,4
5794,2
5796,2
5797,2
5798,2
5800,2
5804,7
5805,3
5807,2
5808,2
5809,5
5817,0
5818,2
5819,3
5824,3
5839,6
5842,0
5844,2
5846,5
5853,2
5854,2
5855,2
5858,6
5861,2
5864,2
5866,2
5870,6
5877,2
5884,0
5885,0
5890,4
5899,6
5902,7
5903,2
5905,3
5912,4
5913,6
5914,5
5918,0
5919,4
5920,1
5936,6
5944,8
5946,2
5952,2
5960,7
5961,6
5964,5
5970,7
5972,6
5973,8
5978,0
5979,3
5982,8
5991,2
5995,8
5998,6
6000,6
6005,3
6008,6
6010,4
6012,4
6013,3
6015,7
6017,1
6019,7
6021,3
6023,3
6026,3
6028,0
6030,7
6035,2
6036,0
6039,4
6045,3
6048,1
6052,4
6062,7
6063,2
6064,7
6065,7
6066,2
6068,6
6074,2
6075,3
6079,6
6080,5
6088,7
6090,4
6095,2
6098,0
6099,0
6100,6
6101,6
6103,6
6104,6
6105,3
6110,2
6117,2
6118,6
6119,4
6121,2
6122,6
6125,7
6127,5
6129,0
6130,2
6142,2
6147,7
6149,5
6151,5
6160,7
6165,2
6168,0
6170,5
6172,5
6173,5
6178,5
6180,5
6181,5
6182,7
6185,5
6189,5
6192,5
6193,5
6194,5
6195,5
6196,5
6198,6
6203,4
6204,6
6205,4
6206,4
6212,2
6214,2
6223,0
6226,8
6230,0
6236,6
6237,5
6242,5
6243,6
6248,4
6251,1
6255,0
6259,1
6265,8
6266,3
6267,4
6269,6
6273,2
6274,7
6278,2
6280,8
6281,5
6282,0
6283,6
6285,6
6286,7
6287,4
6288,2
6291,7
6296,5
6297,5
6302,7
6303,3
6309,0
6311,5
6312,1
6323,4
6333,1
6337,2
6338,0
6340,4
6344,5
6345,6
6350,1
6354,7
6362,5
6365,2
6366,2
6367,0
6369,0
6370,3
6372,2
6375,2
6388,2
6392,1
6394,7
6397,0
6400,5
6403,2
6418,4
6428,2
6435,2
6439,5
6441,4
6443,1
6445,8
6461,2
6463,2
6466,7
6469,5
6470,0
6476,2
6477,2
6485,4
6486,7
6487,2
6489,2
6492,2
6493,4
6497,6
6511,7
6524,5
6527,7
6528,2
6532,0
6533,0
6534,1
6535,7
6538,2
6541,2
6544,3
6545,3
6546,4
6547,0
6556,3
6558,4
6568,6
6569,5
6570,4
6586,2
6587,2
6590,1
6594,1
6595,4
6602,1
6623,8
6629,2
6635,8
6636,2
6653,8
6660,8
6664,8
6667,8
6668,1
6678,0
6684,7
6686,8
6713,0
6716,8
6721,7
6722,8
6726,8
6735,2
6738,2
6755,6
6758,8
6769,2
6771,0
6777,4
6789,5
6792,5
6798,8
6800,6
6801,1
6807,7
6809,2
6810,2
6811,6
6814,2
6819,5
6826,1
6827,6
6830,3
6833,6
6839,4
6840,4
6843,6
6848,0
6850,0
6856,2
6860,7
6863,2
6864,2
6865,2
6868,2
6870,3
6871,1
6874,2
6878,7
6882,2
6883,2
6886,4
6890,3
6893,8
6902,2
6905,2
6909,4
6917,2
6918,8
6925,2
6926,8
6934,4
6947,0
6950,8
6958,6
6964,8
6978,2
6980,7
6983,6
6985,6
6986,6
6987,6
6989,6
6990,6
6991,6
6994,6
6998,5
7003,6
7009,2
7011,2
7019,4
7022,3
7025,2
7029,0
7037,5
7039,5
7045,5
7050,5
7051,5
7053,5
7054,5
7062,5
7064,6
7066,3
7070,5
7078,2
7080,8
7083,6
7084,2
7087,2
7089,7
7094,6
7096,4
7099,4
7111,8
7116,4
7117,7
7120,6
7125,7
7126,7
7128,2
7134,2
7142,7
7144,2
7145,5
7147,0
7149,2
7150,1
7154,8
7159,7
7162,2
7175,3
7177,8
7187,7
7191,8
7193,2
7195,0
7196,4
7197,1
7199,0
7213,5
7216,0
7217,3
7229,4
7236,2
7237,2
7238,7
7239,4
7240,0
7247,2
7267,8
7272,4
7273,3
7274,4
7277,6
7278,7
7286,0
7287,6
7288,6
7295,1
7297,3
7307,5
7309,3
7314,2
7316,3
7317,7
7319,6
7320,6
7329,4
7331,4
7332,5
7333,6
7334,3
7335,2
7336,3
7338,6
7348,4
7350,6
7351,5
7358,4
7359,6
7366,2
7367,0
7368,0
7369,2
7370,7
7372,0
7374,5
7377,0
7380,6
7384,2
7391,5
7399,2
7406,2
7407,2
7408,2
7410,7
7415,2
7421,6
7422,1
7427,4
7443,5
7447,0
7457,8
7460,8
7466,7
7469,7
7471,0
7472,1
7477,1
7478,7
7480,8
7485,2
7491,4
7496,2
7499,2
7500,2
7501,2
7503,2
7504,2
7507,2
7513,3
7515,2
7518,6
7519,5
7520,0
7521,7
7525,3
7529,2
7531,7
7535,4
7538,7
7541,2
7544,4
7546,7
7548,6
7550,3
7551,6
7557,8
7558,6
7559,6
7563,5
7564,3
7580,2
7583,4
7587,0
7589,8
7590,5
7591,0
7592,6
7594,5
7595,0
7596,3
7599,4
7602,4
7610,0
7613,6
7620,7
7621,6
7628,7
7632,2
7637,2
7641,2
7646,2
7650,7
7653,2
7655,2
7656,2
7665,2
7669,2
7680,2
7695,6
7703,1
7723,3
7724,5
7725,4
7726,5
7731,3
7735,2
7738,7
7743,8
7747,2
7754,3
7755,5
7757,7
7760,6
7766,8
7768,2
7772,7
7773,4
7774,5
7775,7
7776,6
7780,6
7786,8
7791,5
7792,5
7793,4
7796,7
7800,8
7803,2
7819,8
7820,1
7824,8
7826,6
7828,2
7829,7
7832,1
7833,8
7837,2
7838,0
7839,4
7843,5
7854,5
7855,0
7858,4
7861,2
7862,6
7863,7
7876,2
7878,3
7881,3
7887,7
7888,1
7892,8
7895,2
7901,6
7918,8
7923,8
7924,7
7926,6
7928,7
7931,2
7935,3
7936,6
7938,2
7940,2
7949,5
7950,0
7951,2
7952,2
7958,6
7962,7
7966,2
7970,1
7972,8
7974,1
7976,4
7978,2
7981,1
8000,7
8001,7
8002,7
8021,4
8028,1
8032,2
8037,3
8040,3
8042,2
8044,7
8049,3
8053,2
8057,5
8058,2
8060,2
8063,1
8064,4
8069,2
8070,8
8071,6
8073,3
8075,4
8076,1
8077,4
8078,0
8081,6
8083,4
8084,4
8085,6
8086,6
8087,5
8090,5
8091,3
8092,4
8115,5
8119,1
8657,4
8661,5
8695,6
8747,1
8754,6
8819,3
8864,2
8867,3
8877,3
8893,0
8914,2
8921,4
8925,0
8927,2
8935,5
8941,4
8952,8
9034,7
9035,5
9036,7
9037,5
9038,7
9040,7
9041,5
9044,5
9047,7
9048,7
9049,7
9056,4
9058,7
9059,3
9060,8
9062,5
9063,5
9064,5
9065,5
9066,5
9067,5
9068,5
9069,2
9070,5
9071,5
9072,5
9073,5
9074,5
9075,5
9076,5
9078,5
9079,5
9080,5
9081,5
9082,5
9083,5
9084,5
9085,5
9086,4
9088,6
9090,4
9091,6
9092,1
9093,3
9096,6
9098,7
9099,7
9102,4
9103,0
9105,1
9106,5
9107,7
9109,6
9110,6
9112,4
9113,6
9114,4
9116,4
9120,2
9121,6
9128,8
9129,0
9130,1
9135,4
9137,8
9139,2
9140,6
9141,7
9143,7
9144,4
9145,7
9146,4
9147,6
9148,6
9150,4
9151,1
9152,6
9153,4
9155,8
9156,7
9158,8
9162,0
9163,3
9166,1
9168,0
9169,8
9173,4
9178,0
9179,1
9180,4
9181,1
9182,3
9183,5
9185,4
9186,4
9187,4
9188,6
9189,6
9190,7
9191,8
9193,1
9196,4
9197,4
9202,4
9204,4
9206,5
9207,6
9208,6
9209,6
9210,0
9215,7
9219,5
9222,6
9226,4
9227,1
9228,8
9230,4
9232,3
9233,8
9235,7
9236,0
9237,0
9238,4
9239,3
9240,6
9241,6
9242,6
9243,6
9244,6
9245,8
9246,6
9247,2
9249,6
9250,6
9251,6
9252,6
9253,6
9254,6
9255,6
9256,6
9257,6
9258,6
9259,6
9260,6
9261,6
9262,6
9263,6
9264,6
9265,6
9266,2
9267,6
9268,6
9269,6
9270,6
9271,6
9272,6
9273,6
9274,6
9275,6
9277,2
9278,6
9279,6
9280,6
9281,6
9282,6
9283,6
9284,6
9285,6
9286,6
9287,4
9290,4
9293,1
9295,4
9296,5
9298,4
9301,2
9302,1
9307,1
9309,3
9310,8
9311,4
9312,3
9314,3
9315,3
9317,7
9318,3
9319,7
9321,0
9322,6
9325,3
9326,0
9327,1
9328,8
9331,1
9332,8
9333,8
9334,0
9335,6
9337,8
9339,6
9349,3
9350,6
9355,8
9356,4
9359,7
9363,7
9364,3
9365,0
9368,6
9370,6
9374,6
9375,6
9376,6
9378,4
9379,7
9381,5
9384,6
9385,4
9386,7
9393,2
9394,7
9399,7
9402,7
9403,2
9404,2
9405,0
9406,0
9411,0
9413,6
9414,6
9416,0
9417,6
9418,3
9421,6
9422,6
9424,6
9425,6
9426,3
9427,6
9428,6
9429,3
9433,4
9437,1
9439,8
9440,1
9441,1
9442,7
9443,1
9444,0
9446,6
9447,6
9448,0
9451,0
9452,0
9453,3
9455,2
9456,6
9457,4
9460,4
9464,7
9466,1
9471,1
9473,6
9474,4
9476,4
9477,4
9478,3
9479,5
9480,5
9481,0
9482,6
9485,8
9486,3
9487,3
9488,5
9490,6
9492,4
9493,4
9494,7
9498,2
9500,4
9503,7
9507,4
9508,4
9510,4
9511,6
9513,3
9515,6
9516,7
9519,5
9521,7
9522,6
9525,7
9526,1
9529,1
9532,1
9536,3
9540,2
9542,2
9545,7
9547,3
9549,6
9550,4
9553,7
9555,4
9556,4
9557,3
9558,4
9559,4
9560,4
9561,6
9563,6
9564,3
9566,4
9569,7
9570,4
9575,0
9577,5
9579,7
9581,4
9582,4
9584,4
9585,5
9586,7
9587,6
9588,6
9591,7
9592,6
9593,4
9594,5
9595,4
9596,8
9597,4
9598,8
9599,4
9600,6
9601,0
9602,0
9603,7
9607,5
9609,3
9610,3
9611,4
9612,3
9613,4
9615,7
9616,4
9620,7
9621,4
9622,4
9625,4
9626,4
9627,4
9628,4
9629,3
9630,3
9634,2
9636,4
9639,7
9642,7
9647,5
9654,8
9659,8
9660,4
9663,5
9667,4
9668,0
9671,7
9672,0
9674,8
9675,4
9678,4
9679,4
9680,1
9682,4
9683,8
9685,4
9686,4
9688,4
9691,3
9692,3
9695,6
9696,3
9697,2
9698,6
9701,6
9702,0
9703,5
9705,5
9707,4
9710,4
9711,6
9712,6
9713,6
9714,6
9715,0
9716,6
9717,6
9718,6
9720,6
9721,8
9722,6
9723,6
9724,6
9725,6
9726,6
9727,6
9728,6
9729,6
9730,6
9731,6
9733,6
9735,6
9736,6
9738,6
9739,6
9741,6
9742,6
9743,6
9744,6
9745,3
9746,4
9748,8
9749,4
9750,4
9751,4
9752,0
9757,2
9760,5
9761,6
9762,6
9765,4
9767,4
9770,3
9772,3
9775,3
9776,5
9781,8
9785,5
9786,4
9787,7
9790,6
9791,4
9792,4
9794,8
9795,3
9796,7
9797,0
9798,3
9800,5
9802,5
9803,0
9806,5
9807,0
9808,8
9812,4
9813,5
9816,5
9819,5
9824,7
9826,4
9827,5
9829,5
9830,4
9831,4
9832,4
9834,4
9835,4
9836,6
9837,5
9838,4
9839,3
9845,4
9847,2
9848,7
9849,5
9851,8
9854,4
9859,8
9860,6
9861,4
9862,4
9863,6
9865,0
9867,6
9868,6
9870,6
9871,2
9876,5
9877,4
9878,5
9879,3
9880,3
9881,7
9883,6
9885,7
9887,1
9896,5
9900,6
9901,6
9902,1
9903,8
9905,7
9906,4
9909,6
9910,0
9911,5
9912,0
9914,4
9915,3
9916,1
9917,0
9918,4
9919,5
9920,4
9922,4
9923,1
9924,7
9925,4
9926,4
9928,7
9934,8
9935,2
9936,1
9937,7
9938,7
9939,7
9940,7
9942,2
9943,7
9947,6
9948,6
9952,5
9953,3
9954,5
9957,4
9958,8
9961,3
9963,6
9964,4
9965,4
9968,4
9969,4
9970,4
9971,0
9972,5
9974,6
9975,6
9976,5
9979,7
9982,1
9983,8
9990,1
9991,1
9994,0
9995,6
9999,1
10003,0
10004,3
10005,4
10009,2
10010,4
10011,5
10013,8
10016,7
10017,0
10020,8
10022,0
10023,0
10025,1
10026,8
10028,0
10029,3
10030,1
10033,4
10036,0
10037,2
10042,0
10045,7
10047,3
10048,3
10049,4
10050,4
10051,2
10052,8
10056,4
10058,0
10059,2
10063,0
10065,5
10066,5
10067,5
10068,6
10070,6
10071,6
10073,0
10075,0
10078,7
10079,7
10080,2
10081,5
10082,7
10086,1
10087,1
10089,5
10090,5
10091,2
10095,7
10096,6
10098,2
10100,1
10107,1
10109,5
10110,2
10117,0
10119,8
10120,8
10121,6
10122,8
10123,7
10124,7
10127,4
10133,1
10135,1
10137,0
10138,6
10139,7
10140,5
10141,4
10142,7
10144,6
10145,6
10148,0
10149,6
10150,6
10151,6
10153,6
10154,6
10155,5
10156,5
10157,5
10158,6
10159,5
10160,5
10161,6
10163,7
10165,0
10167,5
10169,5
10170,5
10171,2
10172,5
10175,7
10176,5
10177,5
10178,5
10181,6
10185,0
10186,6
10187,7
10188,7
10189,8
10190,3
10191,0
10192,3
10193,3
10196,7
10198,2
10200,8
10202,5
10203,5
10204,5
10205,5
10206,5
10207,5
10208,5
10212,6
10218,7
10219,1
10227,3
10230,7
10233,4
10234,2
10237,4
10239,4
10240,4
10242,3
10245,4
10247,6
10248,4
10249,6
10256,6
10260,7
10261,2
10263,0
10264,6
10267,4
10276,5
10278,4
10279,4
10280,4
10283,6
10284,5
10285,6
10286,6
10291,5
10295,5
10296,5
10297,5
10299,3
10300,6
10301,4
10302,3
10303,4
10311,2
10315,7
10317,1
10318,1
10324,5
10330,8
10336,0
10341,8
10342,2
10344,6
10346,5
10348,1
10350,1
10351,1
10352,1
10353,4
10354,1
10355,1
10357,1
10358,8
10360,5
10361,7
10363,8
10365,0
10368,4
10370,4
10371,0
10373,7
10377,8
10378,4
10380,8
10384,1
10386,4
10387,8
10395,5
10396,6
10398,8
10402,1
10403,0
10406,8
10407,8
10411,1
10412,4
10413,8
10414,7
10416,7
10417,4
10419,2
10421,7
10422,3
10426,2
10427,3
10430,8
10435,2
10447,7
10455,4
10456,0
10457,2
10458,2
10459,8
10461,7
10463,4
10465,4
10467,1
10474,5
10475,5
10476,2
10478,7
10480,7
10482,4
10483,4
10484,4
10485,5
10486,5
10487,7
10488,4
10489,4
10493,8
10497,6
10498,3
10501,3
10503,4
10505,4
10507,4
10509,4
10512,4
10513,5
10514,6
10515,6
10517,6
10518,6
10519,4
10520,7
10525,4
10527,0
10528,4
10529,6
10531,6
10533,4
10534,7
10535,4
10536,1
10537,2
10538,0
10539,0
10543,4
10546,8
10547,6
10548,2
10549,4
10553,6
10556,1
10569,8
10572,6
10573,3
10574,5
10576,8
10578,3
10585,6
10586,6
10588,6
10589,2
10593,5
10594,6
10597,6
10599,1
10607,3
10608,1
10612,8
10614,5
10615,4
10620,8
10630,7
10631,6
10632,6
10633,6
10634,6
10635,6
10638,6
10639,6
10640,6
10641,6
10642,6
10643,6
10647,6
10648,6
10649,6
10650,6
10651,6
10652,6
10653,6
10654,6
10655,6
10656,6
10657,6
10658,6
10659,6
10660,6
10661,6
10662,6
10663,6
10665,6
10666,6
10667,6
10668,6
10669,6
10670,6
10671,6
10672,8
10673,3
10674,4
10676,4
10677,7
10678,5
10679,5
10680,5
10681,8
10682,5
10684,4
10685,8
10686,1
10688,6
10691,7
10692,2
10694,3
10695,3
10697,6
10698,6
10702,7
10704,4
10706,7
10707,8
10712,2
10713,8
10714,7
10719,4
10721,8
10722,8
10723,6
10727,4
10731,4
10732,3
10737,5
10739,5
10741,5
10742,5
10746,5
10749,8
10751,2
10754,4
10755,0
10757,2
10760,4
10761,6
10762,7
10765,7
10766,7
10767,7
10768,1
10770,1
10772,4
10775,4
10777,2
10779,8
10780,4
10781,0
10782,4
10783,4
10785,1
10786,0
10788,7
10789,2
10791,8
10792,3
10793,1
10794,0
10795,2
10796,0
10797,2
10803,1
10804,8
10806,5
10807,0
10810,7
10815,8
10816,7
10817,2
10819,5
10821,8
10822,5
10825,5
10828,4
10829,6
10831,4
10832,4
10833,6
10834,7
10836,4
10838,5
10841,6
10846,8
10847,6
10850,4
10853,7
10856,5
10862,7
10863,7
10867,5
10876,4
10881,7
10885,7
10886,7
10887,8
10892,5
10893,4
10895,4
10896,1
10899,8
10901,7
10903,7
10907,0
10911,7
10913,7
10914,7
10920,6
10922,6
10923,1
10924,6
10925,6
10926,4
10927,4
10928,8
10929,0
10933,1
10934,7
10936,7
10940,6
10942,8
10943,4
10946,3
10947,3
10948,5
10949,6
10950,4
10951,4
10954,0
10956,5
10957,4
10958,4
10959,0
10960,7
10963,7
10966,2
10967,0
10973,1
10974,2
10975,4
10980,7
10981,4
10984,8
10985,2
10986,4
10987,2
10988,2
10989,6
10990,2
10991,2
10992,2
10994,6
10995,3
10996,1
10997,4
10999,2
11001,4
11002,4
11003,7
11006,0
11007,8
11008,5
11010,5
11014,2
11018,1
11019,1
11026,1
11027,1
11029,2
11031,4
11032,4
11034,4
11035,8
11036,5
11037,1
11038,4
11040,3
11041,4
11042,0
11043,4
11052,7
11053,6
11054,8
11055,4
11057,7
11060,1
11061,4
11063,4
11066,3
11071,4
11074,3
11075,4
11077,6
11078,6
11079,5
11080,6
11081,0
11082,0
11083,4
11084,4
11085,4
11087,4
11088,5
11089,8
11091,1
11092,6
11093,5
11094,5
11096,4
11098,2
11100,4
11101,4
11102,4
11103,0
11104,5
11105,6
11106,6
11107,6
11108,2
11112,1
11113,4
11118,6
11119,6
11120,7
11122,4
11123,5
11126,2
11131,4
11132,6
11133,3
11134,2
11135,0
11136,0
11137,0
11138,0
11139,4
11140,5
11141,2
11143,7
11145,8
11146,2
11149,8
11151,7
11156,4
11157,4
11158,4
11161,4
11162,5
11164,8
11165,4
11166,4
11167,8
11168,0
11180,4
11186,4
11190,7
11195,8
11196,7
11200,4
11201,8
11205,0
11209,4
11210,8
11212,8
11213,8
11216,3
11217,7
11218,1
11219,7
11221,1
11222,8
11227,4
11229,0
11231,1
11232,2
11233,8
11236,1
11237,5
11239,5
11240,5
11241,5
11242,5
11243,7
11244,5
11247,5
11250,8
11255,2
11257,8
11258,8
11259,6
11261,2
11265,8
11268,5
11269,4
11270,4
11271,8
11274,6
11275,5
11276,5
11279,8
11282,8
11283,7
11284,4
11287,4
11290,4
11291,0
11295,0
11302,8
11306,4
11307,0
11309,0
11311,0
11312,4
11313,4
11315,1
11316,7
11317,5
11319,5
11320,5
11322,5
11323,4
11324,4
11326,4
11327,4
11328,6
11329,5
11334,4
11335,2
11336,2
11338,0
11341,0
11342,8
11343,7
11344,3
11348,1
11350,2
11351,7
11352,5
11354,4
11355,2
11356,5
11359,1
11360,4
11361,6
11362,6
11363,5
11364,4
11365,6
11366,4
11367,6
11368,4
11369,8
11370,4
11373,4
11374,4
11375,4
11377,3
11379,4
11380,6
11383,1
11386,6
11387,7
11390,8
11391,3
11392,4
11393,4
11395,4
11396,6
11398,5
11400,6
11403,4
11404,1
11405,4
11407,7
11408,6
11409,6
11411,2
11412,6
11415,2
11416,2
11418,2
11420,2
11421,2
11422,6
11427,7
11428,4
11429,7
11430,7
11438,7
11439,1
11441,8
11442,0
11445,0
11446,8
11447,4
11448,0
11449,8
11450,8
11451,6
11455,4
11457,4
11458,4
11461,7
11462,4
11463,5
11464,7
11465,4
11466,5
11469,7
11470,5
11472,5
11474,7
11475,7
11476,4
11477,5
11479,4
11481,3
11482,4
11486,5
11487,6
11488,0
11491,1
11492,2
11493,6
11495,6
11497,6
11498,3
11499,7
11500,3
11508,4
11510,5
11514,7
11515,5
11517,5
11518,2
11520,6
11522,0
11523,8
11524,4
11526,6
11527,4
11528,3
11529,4
11530,3
11531,6
11532,6
11533,3
11534,8
11536,3
11538,5
11539,6
11541,6
11542,5
11543,1
11544,5
11545,5
11546,5
11547,5
11548,5
11549,4
11551,8
11552,5
11554,5
11555,5
11558,7
11559,0
11562,4
11564,1
11565,3
11566,7
11567,8
11570,3
11577,3
11579,7
11582,6
11585,8
11586,3
11589,4
11592,4
11594,4
11596,5
11597,5
11598,8
11600,1
11601,8
11602,8
11604,4
11605,4
11607,8
11608,1
11609,2
11610,8
11611,3
11613,7
11615,8
11616,6
11617,1
11618,6
11620,3
11621,4
11622,4
11623,4
11625,4
11626,4
11627,4
11628,6
11629,4
11630,4
11634,5
11636,5
11637,1
11638,7
11639,5
11641,6
11645,6
11646,0
11648,0
11649,5
11651,8
11652,3
11653,3
11654,5
11656,2
11657,6
11658,4
11659,6
11660,6
11661,6
11662,4
11666,7
11668,7
11670,6
11671,7
11672,5
11673,4
11675,5
11676,8
11679,2
11680,2
11681,7
11685,5
11687,2
11689,2
11692,6
11693,8
11700,0
11701,6
11703,2
11704,6
11705,6
11706,6
11708,6
11709,0
11710,6
11712,8
11713,4
11714,2
11716,6
11720,8
11722,6
11724,4
11726,8
11727,8
11729,1
11731,5
11732,5
11733,3
11734,2
11739,2
11740,3
11741,3
11742,4
11744,6
11745,6
11746,5
11749,6
11752,8
11758,3
11759,8
11761,7
11763,8
11764,7
11768,1
11769,1
11772,1
11775,8
11776,1
11781,1
11785,5
11786,7
11787,7
11788,8
11789,7
11791,4
11793,2
11796,4
11802,8
11803,1
11806,5
